"hfpxzc href","qBF1Pd","MW4etd","UY7F9","AJB7ye","AJB7ye 2","W4Efsd","W4Efsd 2","doJOZc","W4Efsd 3","W4Efsd 4","W4Efsd 5","W4Efsd 6","FQ2IWe src","ah5Ghc","M4A5Cf","ah5Ghc 2","M4A5Cf 2","ah5Ghc 3"
"","","","","","","","","","","","","","","","","","",""
"","","","","","","","","","","","","","","","","","",""
"https://www.google.com/maps/place/%D8%A8%D8%B1%D8%AC%D8%B1+%D8%A8%D9%88%D8%AA%D9%8A%D9%83%E2%80%AD/data=!4m7!3m6!1s0x3e2f038ef6aae0b7:0xb3c800f99bde422c!8m2!3d24.7029535!4d46.6786015!16s%2Fg%2F11c3_mljh0!19sChIJt-Cq9o4DLz4RLELem_kAyLM?authuser=0&hl=ar&rclk=1","برجر بوتيك","4.1","(15,575)","·","$$$","مطعم","·","","·","شارع موسى بن نصير","مفتوح","⋅ يغلق ١ ص","https://lh5.googleusercontent.com/p/AF1QipN-yDuAW-X0wOlwLshQuEtu8fS-p5T1WdajlRFA=w89-h92-k-no","الجلوس داخل المكان","·","الإيصال إلى السيارة","·","التسليم بدون تلامس"
"https://www.google.com/maps/place/%D8%A8%D8%B1%D8%AC%D8%B1+%D9%87%D9%86%D8%B4%E2%80%AD/data=!4m7!3m6!1s0x3e2ee5f7bfcae8ab:0xe568c25bae179935!8m2!3d24.7992117!4d46.5976377!16s%2Fg%2F11q9d7dc69!19sChIJq-jKv_flLj4RNZkXrlvCaOU?authuser=0&hl=ar&rclk=1","برجر هنش","4.5","(5,859)","·","$$","هامبرغر","·","","·","طريق أنس ابن مالك","مفتوح","⋅ يغلق ٣:٣٠ ص","https://lh5.googleusercontent.com/p/AF1QipPZx7-HBwcAaEqZOdTJLwdwFElrSjn-GOS3M-Ne=w80-h94-k-no","الجلوس داخل المكان","·","طعام سفري","·","التسليم بدون تلامس"
"https://www.google.com/maps/place/%D8%A8%D8%B1%D8%AC%D8%B1+%D9%88+%D8%A8%D8%B1%D8%AC%D8%B1%E2%80%AD/data=!4m7!3m6!1s0x3e2f0372d5551f29:0x1e7183417e8f978f!8m2!3d24.6968834!4d46.7019045!16s%2Fg%2F11bxfqbq2r!19sChIJKR9V1XIDLz4Rj5ePfkGDcR4?authuser=0&hl=ar&rclk=1","برجر و برجر","3.8","(475)","·","$$","هامبرغر","·","","MPW2+QQ2، طريق الأمير سلطان بن عبدالعزيز","","مفتوح","⋅ يغلق ٢ ص","https://lh5.googleusercontent.com/p/AF1QipPbM7spK8t6T6oNY7KUvuEYiGjWowmx-TX16j5w=w80-h106-k-no","الجلوس داخل المكان","·","طعام سفري","·","التسليم بدون تلامس"
"https://www.google.com/maps/place/%D8%B3%D8%A7%D9%8A%D9%86%E2%80%AD/data=!4m7!3m6!1s0x3e2ee3896b87662b:0x57320c30e188c2f2!8m2!3d24.7856846!4d46.6458027!16s%2Fg%2F11rzpnlz3t!19sChIJK2aHa4njLj4R8sKI4TAMMlc?authuser=0&hl=ar&rclk=1","ساين","4.4","(8,619)","·","$$","هامبرغر","·","","·","حي, 3534 طريق الثمامة","مفتوح","⋅ يغلق ٤ ص","https://lh5.googleusercontent.com/p/AF1QipN3oiJA8NxuadEqAhDB1dh38DowHNwvRETR5lyD=w138-h92-k-no","الجلوس داخل المكان","·","خدمة الطلب أثناء القيادة","·","التسليم بدون تلامس"
"https://www.google.com/maps/place/%D8%B1%D9%8A%D8%AC%D9%84+%D8%A8%D8%B1%D8%AC%D8%B1%E2%80%AD/data=!4m7!3m6!1s0x3e2ee4ba13b4cff7:0xbeb75d8878268a67!8m2!3d24.8285657!4d46.6601207!16s%2Fg%2F11f31_hb1_!19sChIJ98-0E7rkLj4RZ4omeIhdt74?authuser=0&hl=ar&rclk=1","ريجل برجر","4.4","(5,722)","·","$$$","هامبرغر","·","","·","⋅ يغلق ٢:٣٠ ص","Abu Bakr Street","مفتوح","https://lh5.googleusercontent.com/p/AF1QipMyWSTvQ1yHZqgQh5WAhx5rmV5hddZ2jmvHLVf5=w92-h92-k-no","الجلوس داخل المكان","·","الإيصال إلى السيارة","·","التسليم بدون تلامس"
"https://www.google.com/maps/place/%D8%B3%D9%88+%D8%A8%D8%B1%D8%AC%D8%B1%E2%80%AD/data=!4m7!3m6!1s0x3e2efd516dc9f0d5:0x54aae8b9cb57b1f1!8m2!3d24.7774089!4d46.7260348!16s%2Fg%2F11jj1b0kn8!19sChIJ1fDJbVH9Lj4R8bFXy7noqlQ?authuser=0&hl=ar&rclk=1","سو برجر","4.3","(1,211)","","","هامبرغر","","","","","مفتوح","⋅ يغلق ١ ص","https://lh5.googleusercontent.com/p/AF1QipMTMsTOYi32Z6NtNr2Nk58wkd-4JGzgfPlomzor=w138-h92-k-no","الجلوس داخل المكان","·","طعام سفري","·","التسليم بدون تلامس"
"https://www.google.com/maps/place/%D8%A3%D9%88+%D8%AC%D9%8A+%D8%A8%D8%B1%D8%AC%D8%B1%E2%80%AD/data=!4m7!3m6!1s0x1580a12c277115d7:0x15dd95f56659130b!8m2!3d24.7527928!4d46.6388955!16s%2Fg%2F11q9db__tb!19sChIJ1xVxJyyhgBURCxNZZvWV3RU?authuser=0&hl=ar&rclk=1","أو جي برجر","4.3","(754)","","","هامبرغر","·","","·","⋅ يغلق ٣ ص","Dist, 7940 At Takhassusi 4189","مفتوح","","الجلوس داخل المكان","·","الإيصال إلى السيارة","·","التسليم بدون تلامس"
"https://www.google.com/maps/place/%D8%B3%D9%86+%D8%A7%D9%88%D9%81+%D8%A3+%D8%A8%D8%B1%D8%AC%D8%B1%E2%80%AD/data=!4m7!3m6!1s0x3e2f1da60817ef39:0x48c8fb39dd3224b1!8m2!3d24.7265758!4d46.6440888!16s%2Fg%2F11rv71qw8z!19sChIJOe8XCKYdLz4RsSQy3Tn7yEg?authuser=0&hl=ar&rclk=1","سن اوف أ برجر","4.1","(317)","","","هامبرغر","·","","PJGV+JJP, طريق الأمير تركي بن عبدالعزيز","","مفتوح","⋅ يغلق ٢ ص","","الجلوس داخل المكان","·","الإيصال إلى السيارة","·","التسليم بدون تلامس"
"https://www.google.com/maps/place/%D8%B3%D8%A7%D9%8A%D9%86%E2%80%AD/data=!4m7!3m6!1s0x3e2f05fff7e18643:0xbbceeea010efe17b!8m2!3d24.59874!4d46.6924967!16s%2Fg%2F11trygvhfc!19sChIJQ4bh9_8FLz4Re-HvEKDuzrs?authuser=0&hl=ar&rclk=1","ساين","4.4","(4,966)","·","$$","هامبرغر","·","","·","⋅ يغلق ٤ ص","HMXV+G29","مفتوح","","الجلوس داخل المكان","·","خدمة الطلب أثناء القيادة","·","التسليم بدون تلامس"
"https://www.google.com/maps/place/%D8%B1%D9%8A%D8%AC%D9%84+%D8%A8%D8%B1%D8%AC%D8%B1%E2%80%AD/data=!4m7!3m6!1s0x3e2f03d6a52c4e4d:0x8952e049ab03b2d1!8m2!3d24.7011463!4d46.6761766!16s%2Fg%2F11s1zk94c6!19sChIJTU4spdYDLz4R0bIDq0ngUok?authuser=0&hl=ar&rclk=1","ريجل برجر","4.8","(2,925)","·","$$","الأمريكي","·","","·","Century Corner Mall، طريق الملك فهد","مفتوح","⋅ يغلق ٢:٣٠ ص","","الجلوس داخل المكان","·","الإيصال إلى السيارة","·","التسليم بدون تلامس"
"https://www.google.com/maps/place/%D8%A8%D8%B1%D8%AC%D8%B1+%D8%B9%D8%A7%D9%84%D9%88%D8%A7%D9%82%D9%81%E2%80%AD/data=!4m7!3m6!1s0x3e2efde3999c572b:0x9d1c6b14812655a3!8m2!3d24.7782762!4d46.7114086!16s%2Fg%2F11gh2rdr9k!19sChIJK1ecmeP9Lj4Ro1UmgRRrHJ0?authuser=0&hl=ar&rclk=1","برجر عالواقف","4.5","(1,579)","","","هامبرغر","·","","","⋅ يغلق ٢ ص","8385 Saudi Arabia","مفتوح","","الجلوس داخل المكان","·","خدمة الطلب أثناء القيادة","·","التسليم بدون تلامس"
"https://www.google.com/maps/place/%D8%A8%D8%B1%D8%AC%D8%B1+12%E2%80%AD/data=!4m7!3m6!1s0x3e2ee40fb0d70a7d:0x78534e108e7ee2a4!8m2!3d24.803403!4d46.6049306!16s%2Fg%2F11c3tfzyn8!19sChIJfQrXsA_kLj4RpOJ-jhBOU3g?authuser=0&hl=ar&rclk=1","برجر 12","4.0","(974)","·","$$","وجبات سريعة","·","","·","طريق أنس ابن مالك","مفتوح","⋅ يغلق ٢ ص","","الجلوس داخل المكان","·","الإيصال إلى السيارة","·","التسليم بدون تلامس"
"https://www.google.com/maps/place/%D8%B3%D9%86%D8%B4%D8%B1%D9%8A+%D8%A8%D8%B1%D8%AC%D8%B1%E2%80%AD/data=!4m7!3m6!1s0x3e2f033d93d6d0db:0xbdecaad63feda634!8m2!3d24.698376!4d46.6894068!16s%2Fg%2F1pzq274nb!19sChIJ29DWkz0DLz4RNKbtP9aq7L0?authuser=0&hl=ar&rclk=1","سنشري برجر","4.3","(8,906)","·","$$","هامبرغر","·","","·","طريق الأمير محمد بن عبدالعزيز","مفتوح","⋅ يغلق ٤ ص","","الجلوس داخل المكان","·","طعام سفري","·","التسليم بدون تلامس"
"https://www.google.com/maps/place/%D8%B1%D9%8A%D8%AC%D9%84+%D8%A8%D8%B1%D8%AC%D8%B1%E2%80%AD/data=!4m7!3m6!1s0x3e2ee31078fb8033:0xf26f4b07868baeaf!8m2!3d24.759716!4d46.6032018!16s%2Fg%2F11s5cxgp52!19sChIJM4D7eBDjLj4Rr66LhgdLb_I?authuser=0&hl=ar&rclk=1","ريجل برجر","4.7","(1,531)","·","$$","مأكولات غربية","·","","·","مجمع لومير سنتر, شارع الأمير تركي ين عبدالعزيز مخرج 2","مفتوح","⋅ يغلق ١ ص","","الجلوس داخل المكان","·","الإيصال إلى السيارة","·","التسليم بدون تلامس"
"https://www.google.com/maps/place/%D8%A8%D8%B1%D8%AC%D8%B1+%D8%A7%D9%86%D8%AF+%D8%A8%D8%B1%D8%AC%D8%B1%E2%80%AD/data=!4m7!3m6!1s0x3e2efd3c856d9ced:0xdc8ce97c334ff4b5!8m2!3d24.7627427!4d46.7151168!16s%2Fg%2F11gzplk7rd!19sChIJ7ZxthTz9Lj4RtfRPM3zpjNw?authuser=0&hl=ar&rclk=1","برجر اند برجر","3.6","(81)","","","هامبرغر","·","","","⋅ يغلق ٢ ص","QP78+32X","مفتوح","","الجلوس داخل المكان","·","طعام سفري","·","التسليم بدون تلامس"
"https://www.google.com/maps/place/%D9%83%D8%A7%D9%84%D9%8A%D9%81%D9%88%D8%B1%D9%86%D9%8A%D8%A7+%D8%A8%D8%B1%D8%AC%D8%B1%E2%80%8F%E2%80%AD/data=!4m7!3m6!1s0x3e2ee522cc353bcb:0xdbd925e23ee7515c!8m2!3d24.8064834!4d46.6122904!16s%2Fg%2F11h4c9htfr!19sChIJyzs1zCLlLj4RXFHnPuIl2ds?authuser=0&hl=ar&rclk=1","كاليفورنيا برجر‏","4.6","(16,293)","·","$$","هامبرغر","·","","·","طريق أنس ابن مالك","مفتوح","⋅ يغلق ١ ص","","الجلوس داخل المكان","·","الإيصال إلى السيارة","·","التسليم بدون تلامس"
"https://www.google.com/maps/place/%D8%A8%D8%B1%D8%AC%D8%B1+%D9%A1%D9%A2%E2%80%AD/data=!4m7!3m6!1s0x3e2f01a849d805c5:0x428568593ad38545!8m2!3d24.7215737!4d46.7883031!16s%2Fg%2F11h0mc2gq3!19sChIJxQXYSagBLz4RRYXTOllohUI?authuser=0&hl=ar&rclk=1","برجر ١٢","3.7","(216)","","","هامبرغر","·","","2520 الإمام الشافعي، 6997","","مفتوح على مدار 24 ساعة","","","الجلوس داخل المكان","·","طعام سفري","·","التسليم بدون تلامس"
"https://www.google.com/maps/place/%D8%A8%D8%B1%D8%AC%D8%B1+%D9%83%D8%A7%D8%B3%D9%84%E2%80%AD/data=!4m7!3m6!1s0x3e2f1d74347a6e6b:0x8041ea864ff7a780!8m2!3d24.714561!4d46.6345087!16s%2Fg%2F1hm47j9g2!19sChIJa256NHQdLz4RgKf3T4bqQYA?authuser=0&hl=ar&rclk=1","برجر كاسل","4.1","(1,065)","·","$$","وجبات سريعة","·","","طريق الملك عبدالله","","مفتوح","⋅ يغلق ١:٣٠ ص","","الجلوس داخل المكان","·","الإيصال إلى السيارة","·","التسليم بدون تلامس"
"https://www.google.com/maps/place/%D8%A3%D9%88+%D8%AC%D9%8A+%D8%A8%D8%B1%D8%AC%D8%B1%E2%80%AD/data=!4m7!3m6!1s0x1580a12c277115d7:0x15dd95f56659130b!8m2!3d24.7527928!4d46.6388955!16s%2Fg%2F11q9db__tb!19sChIJ1xVxJyyhgBURCxNZZvWV3RU?authuser=0&hl=ar&rclk=1","أو جي برجر","4.3","(754)","","","هامبرغر","·","","·","⋅ يغلق ٣ ص","Dist, 7940 At Takhassusi 4189","مفتوح","https://lh5.googleusercontent.com/p/AF1QipPgCUmugd1blZOEwS8gxtW0nd0wSEL4xsm-27jz=w106-h92-k-no","الجلوس داخل المكان","·","الإيصال إلى السيارة","·","التسليم بدون تلامس"
"https://www.google.com/maps/place/%D8%B3%D9%86+%D8%A7%D9%88%D9%81+%D8%A3+%D8%A8%D8%B1%D8%AC%D8%B1%E2%80%AD/data=!4m7!3m6!1s0x3e2f1da60817ef39:0x48c8fb39dd3224b1!8m2!3d24.7265758!4d46.6440888!16s%2Fg%2F11rv71qw8z!19sChIJOe8XCKYdLz4RsSQy3Tn7yEg?authuser=0&hl=ar&rclk=1","سن اوف أ برجر","4.1","(317)","","","هامبرغر","·","","PJGV+JJP, طريق الأمير تركي بن عبدالعزيز","","مفتوح","⋅ يغلق ٢ ص","https://lh5.googleusercontent.com/p/AF1QipPWgXth16dkxpYCN4P4XLuUqzYqOyVeYob4yd6a=w80-h106-k-no","الجلوس داخل المكان","·","الإيصال إلى السيارة","·","التسليم بدون تلامس"
"https://www.google.com/maps/place/%D8%B3%D8%A7%D9%8A%D9%86%E2%80%AD/data=!4m7!3m6!1s0x3e2f05fff7e18643:0xbbceeea010efe17b!8m2!3d24.59874!4d46.6924967!16s%2Fg%2F11trygvhfc!19sChIJQ4bh9_8FLz4Re-HvEKDuzrs?authuser=0&hl=ar&rclk=1","ساين","4.4","(4,966)","·","$$","هامبرغر","·","","·","⋅ يغلق ٤ ص","HMXV+G29","مفتوح","https://lh5.googleusercontent.com/p/AF1QipPgzwB6_PGyxFb0rcTzMIFhpUjI3Agc17xh-3qc=w80-h106-k-no","الجلوس داخل المكان","·","خدمة الطلب أثناء القيادة","·","التسليم بدون تلامس"
"https://www.google.com/maps/place/%D8%B1%D9%8A%D8%AC%D9%84+%D8%A8%D8%B1%D8%AC%D8%B1%E2%80%AD/data=!4m7!3m6!1s0x3e2f03d6a52c4e4d:0x8952e049ab03b2d1!8m2!3d24.7011463!4d46.6761766!16s%2Fg%2F11s1zk94c6!19sChIJTU4spdYDLz4R0bIDq0ngUok?authuser=0&hl=ar&rclk=1","ريجل برجر","4.8","(2,925)","·","$$","الأمريكي","·","","·","Century Corner Mall، طريق الملك فهد","مفتوح","⋅ يغلق ٢:٣٠ ص","https://lh5.googleusercontent.com/p/AF1QipOHNlof2uP93UvMQs-EkAaIyQAg_OwwBwTnrN8o=w92-h92-k-no","الجلوس داخل المكان","·","الإيصال إلى السيارة","·","التسليم بدون تلامس"
"https://www.google.com/maps/place/%D8%A8%D8%B1%D8%AC%D8%B1+%D8%B9%D8%A7%D9%84%D9%88%D8%A7%D9%82%D9%81%E2%80%AD/data=!4m7!3m6!1s0x3e2efde3999c572b:0x9d1c6b14812655a3!8m2!3d24.7782762!4d46.7114086!16s%2Fg%2F11gh2rdr9k!19sChIJK1ecmeP9Lj4Ro1UmgRRrHJ0?authuser=0&hl=ar&rclk=1","برجر عالواقف","4.5","(1,579)","","","هامبرغر","·","","","⋅ يغلق ٢ ص","8385 Saudi Arabia","مفتوح","https://lh5.googleusercontent.com/p/AF1QipOTzYl788HkjGong8xYZ6RqyfOdf3LJCf4TLZRX=w92-h92-k-no","الجلوس داخل المكان","·","خدمة الطلب أثناء القيادة","·","التسليم بدون تلامس"
"https://www.google.com/maps/place/%D8%A8%D8%B1%D8%AC%D8%B1+12%E2%80%AD/data=!4m7!3m6!1s0x3e2ee40fb0d70a7d:0x78534e108e7ee2a4!8m2!3d24.803403!4d46.6049306!16s%2Fg%2F11c3tfzyn8!19sChIJfQrXsA_kLj4RpOJ-jhBOU3g?authuser=0&hl=ar&rclk=1","برجر 12","4.0","(974)","·","$$","وجبات سريعة","·","","·","طريق أنس ابن مالك","مفتوح","⋅ يغلق ٢ ص","https://lh5.googleusercontent.com/p/AF1QipMeA6ojMyoVlSohpmx4seX4RK8NNiLEbin2cv7n=w92-h92-k-no","الجلوس داخل المكان","·","الإيصال إلى السيارة","·","التسليم بدون تلامس"
"https://www.google.com/maps/place/%D8%B3%D9%86%D8%B4%D8%B1%D9%8A+%D8%A8%D8%B1%D8%AC%D8%B1%E2%80%AD/data=!4m7!3m6!1s0x3e2f033d93d6d0db:0xbdecaad63feda634!8m2!3d24.698376!4d46.6894068!16s%2Fg%2F1pzq274nb!19sChIJ29DWkz0DLz4RNKbtP9aq7L0?authuser=0&hl=ar&rclk=1","سنشري برجر","4.3","(8,906)","·","$$","هامبرغر","·","","·","طريق الأمير محمد بن عبدالعزيز","مفتوح","⋅ يغلق ٤ ص","https://lh5.googleusercontent.com/p/AF1QipPkkV8zNouBawifE9HXY_0hzU63hW4a2jjJzfYU=w122-h92-k-no","الجلوس داخل المكان","·","طعام سفري","·","التسليم بدون تلامس"
"https://www.google.com/maps/place/%D8%B1%D9%8A%D8%AC%D9%84+%D8%A8%D8%B1%D8%AC%D8%B1%E2%80%AD/data=!4m7!3m6!1s0x3e2ee31078fb8033:0xf26f4b07868baeaf!8m2!3d24.759716!4d46.6032018!16s%2Fg%2F11s5cxgp52!19sChIJM4D7eBDjLj4Rr66LhgdLb_I?authuser=0&hl=ar&rclk=1","ريجل برجر","4.7","(1,531)","·","$$","مأكولات غربية","·","","·","مجمع لومير سنتر, شارع الأمير تركي ين عبدالعزيز مخرج 2","مفتوح","⋅ يغلق ١ ص","https://lh5.googleusercontent.com/p/AF1QipM8w2hi9SKMg4NvK3x_C7vTrQ0s_TvBzuZvGePT=w80-h113-k-no","الجلوس داخل المكان","·","الإيصال إلى السيارة","·","التسليم بدون تلامس"
"https://www.google.com/maps/place/%D8%A8%D8%B1%D8%AC%D8%B1+%D8%A7%D9%86%D8%AF+%D8%A8%D8%B1%D8%AC%D8%B1%E2%80%AD/data=!4m7!3m6!1s0x3e2efd3c856d9ced:0xdc8ce97c334ff4b5!8m2!3d24.7627427!4d46.7151168!16s%2Fg%2F11gzplk7rd!19sChIJ7ZxthTz9Lj4RtfRPM3zpjNw?authuser=0&hl=ar&rclk=1","برجر اند برجر","3.6","(81)","","","هامبرغر","·","","","⋅ يغلق ٢ ص","QP78+32X","مفتوح","https://lh5.googleusercontent.com/p/AF1QipM-pPIFcbS-GdvL9yGtXVlzPToTjMZzsZl4QVvm=w80-h177-k-no","الجلوس داخل المكان","·","طعام سفري","·","التسليم بدون تلامس"
"https://www.google.com/maps/place/%D9%83%D8%A7%D9%84%D9%8A%D9%81%D9%88%D8%B1%D9%86%D9%8A%D8%A7+%D8%A8%D8%B1%D8%AC%D8%B1%E2%80%8F%E2%80%AD/data=!4m7!3m6!1s0x3e2ee522cc353bcb:0xdbd925e23ee7515c!8m2!3d24.8064834!4d46.6122904!16s%2Fg%2F11h4c9htfr!19sChIJyzs1zCLlLj4RXFHnPuIl2ds?authuser=0&hl=ar&rclk=1","كاليفورنيا برجر‏","4.6","(16,293)","·","$$","هامبرغر","·","","·","طريق أنس ابن مالك","مفتوح","⋅ يغلق ١ ص","https://lh5.googleusercontent.com/p/AF1QipNb9tS41YarEk3HB-E8EekvvATKUQ0XP5h819yg=w122-h92-k-no","الجلوس داخل المكان","·","الإيصال إلى السيارة","·","التسليم بدون تلامس"
"https://www.google.com/maps/place/%D8%A8%D8%B1%D8%AC%D8%B1+%D9%A1%D9%A2%E2%80%AD/data=!4m7!3m6!1s0x3e2f01a849d805c5:0x428568593ad38545!8m2!3d24.7215737!4d46.7883031!16s%2Fg%2F11h0mc2gq3!19sChIJxQXYSagBLz4RRYXTOllohUI?authuser=0&hl=ar&rclk=1","برجر ١٢","3.7","(216)","","","هامبرغر","·","","2520 الإمام الشافعي، 6997","","مفتوح على مدار 24 ساعة","","https://lh5.googleusercontent.com/p/AF1QipNFRko1xILk_AWGE0IbRHr0pTM56A_KGFVx74g8=w90-h92-k-no","الجلوس داخل المكان","·","طعام سفري","·","التسليم بدون تلامس"
"https://www.google.com/maps/place/%D8%A8%D8%B1%D8%AC%D8%B1+%D9%83%D8%A7%D8%B3%D9%84%E2%80%AD/data=!4m7!3m6!1s0x3e2f1d74347a6e6b:0x8041ea864ff7a780!8m2!3d24.714561!4d46.6345087!16s%2Fg%2F1hm47j9g2!19sChIJa256NHQdLz4RgKf3T4bqQYA?authuser=0&hl=ar&rclk=1","برجر كاسل","4.1","(1,065)","·","$$","وجبات سريعة","·","","طريق الملك عبدالله","","مفتوح","⋅ يغلق ١:٣٠ ص","https://lh5.googleusercontent.com/p/AF1QipNLjzutmogeVGBsLF979wydj07ugDRaPeiwTpZU=w103-h92-k-no","الجلوس داخل المكان","·","الإيصال إلى السيارة","·","التسليم بدون تلامس"
"https://www.google.com/maps/place/%D8%A8%D9%8A%D9%88%D8%B1%D8%AC%D8%B1+%7C+PUREGER%E2%80%AD/data=!4m7!3m6!1s0x3e2f1113a1a1c0f7:0xd4924f10d45b67d4!8m2!3d24.565265!4d46.6339935!16s%2Fg%2F11lkhsc9c0!19sChIJ98ChoRMRLz4R1Gdb1BBPktQ?authuser=0&hl=ar&rclk=1","بيورجر | PUREGER","3.9","(582)","·","$$","هامبرغر","·","","شارع الشيخ إسحاق بن عبدالحمن بن حسن","","مفتوح","⋅ يغلق ٣ ص","https://lh5.googleusercontent.com/p/AF1QipM2MO1nt73Aj9fV55gBzWvjEJU9Es0b_HjnsL5L=w80-h106-k-no","أبرز عناصر القائمة:","","برجر","",""
"https://www.google.com/maps/place/%D8%B9%D8%B1%D8%B6+%D8%A7%D9%84%D8%A8%D8%B1%D8%AC%D8%B1%E2%80%AD/data=!4m7!3m6!1s0x3e2eff73f4decfb5:0x7596e0e8ed68a3e5!8m2!3d24.8356949!4d46.8095604!16s%2Fg%2F11c328ylzy!19sChIJtc_e9HP_Lj4R5aNo7ejglnU?authuser=0&hl=ar&rclk=1","عرض البرجر","4.2","(439)","·","$$","وجبات سريعة","·","","وادي الساحل","","مفتوح","⋅ يغلق ٤ ص","https://lh5.googleusercontent.com/p/AF1QipNr7WRL-vzBUng0EPVJCK92VdGHBl8iZUFA4G1I=w80-h106-k-no","الجلوس داخل المكان","·","خدمة الطلب أثناء القيادة","·","التسليم بدون تلامس"
"https://www.google.com/maps/place/%D8%A8%D9%8A+%D9%88%D9%86+%D8%A8%D8%B1%D8%AC%D8%B1%E2%80%AD/data=!4m7!3m6!1s0x3e2ee531fc3b16a3:0xc34a3fbdf0451fee!8m2!3d24.7403221!4d46.6464867!16s%2Fg%2F11ghn6llsm!19sChIJoxY7_DHlLj4R7h9F8L0_SsM?authuser=0&hl=ar&rclk=1","بي ون برجر","4.3","(649)","·","$$","هامبرغر","·","","طريق الامام سعود بن عبدالعزيز بن محمد الفرعي","","مفتوح","⋅ يغلق أبوابه في الساعة ٤:٣٠ ص يوم الاثنين","https://lh5.googleusercontent.com/p/AF1QipPTOX5yixVZgFnX12G6ZteieI_dZUy51XdHaRAk=w80-h100-k-no","الجلوس داخل المكان","·","الإيصال إلى السيارة","·","التسليم بدون تلامس"
"https://www.google.com/maps/place/%D8%A8%D8%B1%D8%AC%D8%B1+%D9%87%D9%86%D8%B4%E2%80%AD/data=!4m7!3m6!1s0x3e2ee3bccb13cd77:0xc82f1b26ff233256!8m2!3d24.7350546!4d46.6486342!16s%2Fg%2F11kpgtcr5w!19sChIJd80Ty7zjLj4RVjIj_yYbL8g?authuser=0&hl=ar&rclk=1","برجر هنش","4.5","(859)","","","مطعم","·","","","","مفتوح","⋅ يغلق ٣:٣٠ ص","https://lh5.googleusercontent.com/p/AF1QipO0vNB4NfkxKJdbcT-Ha5N59ss2jwOuH-k_mPOD=w80-h106-k-no","الجلوس داخل المكان","·","الإيصال إلى السيارة","·","التسليم بدون تلامس"
"https://www.google.com/maps/place/Burger+Days+%D8%A8%D8%B1%D8%AC%D8%B1+%D8%AF%D8%A7%D9%8A%D8%B2%E2%80%AD/data=!4m7!3m6!1s0x3e2f033fa6227583:0x12aa3af167a00bfd!8m2!3d24.7621799!4d46.7231182!16s%2Fg%2F11mqz5g_n6!19sChIJg3Uipj8DLz4R_QugZ_E6qhI?authuser=0&hl=ar&rclk=1","Burger Days برجر دايز","4.1","(1,118)","","","وجبات سريعة","·","","3008 شارع الأمير مقرن بن عبدالعزيز","","مفتوح","⋅ يغلق أبوابه في الساعة ٤:٣٠ ص يوم الاثنين","https://lh5.googleusercontent.com/p/AF1QipOVn7Vts3Kqk2JlJW5qB1UcUM3Yeo_o6klgsGIJ=w92-h92-k-no","الجلوس داخل المكان","·","طعام سفري","·","التسليم بدون تلامس"
"https://www.google.com/maps/place/%D8%A2%D8%B1+%D9%83%D9%8A%D9%88+%D8%A8%D8%B1%D8%AC%D8%B1%E2%80%AD/data=!4m7!3m6!1s0x3e2ee5737e0f0adb:0x1ecde646b2544e89!8m2!3d24.8014638!4d46.6009267!16s%2Fg%2F11rckyb163!19sChIJ2woPfnPlLj4RiU5UskbmzR4?authuser=0&hl=ar&rclk=1","آر كيو برجر","4.1","(654)","","","هامبرغر","·","","·","طريق أنس ابن مالك","مفتوح","⋅ يغلق ٢ ص","https://lh5.googleusercontent.com/p/AF1QipOAms-keSdzMyavPyU5X0BUD8J_gg8tOTcq5fhl=w98-h92-k-no","الجلوس داخل المكان","·","الإيصال إلى السيارة","·","التسليم بدون تلامس"
"https://www.google.com/maps/place/777+%D8%A8%D8%B1%D8%AC%D8%B1+%D9%85%D8%B4%D9%88%D9%8A%E2%80%AD/data=!4m7!3m6!1s0x3e2efd4c0583f27b:0xf4ff04a4855105d4!8m2!3d24.7582818!4d46.6747223!16s%2Fg%2F12hvgmk28!19sChIJe_KDBUz9Lj4R1AVRhaQE__Q?authuser=0&hl=ar&rclk=1","777 برجر مشوي","4.2","(5,913)","","","هامبرغر","·","","·","طريق الملك عبدالعزيز الفرعي","مفتوح","⋅ يغلق ٢:٣٠ ص","https://lh5.googleusercontent.com/p/AF1QipOeiGbexndTC9ezff26ayYn2Ayk3Zd3h1QKM91A=w138-h92-k-no","الجلوس داخل المكان","·","طعام سفري","·","التسليم بدون تلامس"
"https://www.google.com/maps/place/%D8%A7%D9%84+%D8%AF%D9%8A+%D8%A7%D9%86+%D8%A8%D8%B1%D8%AC%D8%B1+BURGERS+LDN%E2%80%AD/data=!4m7!3m6!1s0x3e2f03e08653d0f1:0xac36f783500f7f14!8m2!3d24.6999465!4d46.6717929!16s%2Fg%2F11kqs2vt65!19sChIJ8dBThuADLz4RFH8PUIP3Nqw?authuser=0&hl=ar&rclk=1","ال دي ان برجر BURGERS LDN","4.7","(231)","","","مطعم وجبات سريعة","·","","","⋅ يغلق ٤ ص","nasar، موسى الحجاوي، Ibn Al Athir","مفتوح","https://lh5.googleusercontent.com/p/AF1QipPSojEyaQ6kSwhFiVTsFOt7sid6Gpq_of_1oH6-=w92-h92-k-no","الإيصال إلى السيارة","·","التسليم بدون تلامس","",""
"https://www.google.com/maps/place/%D8%A8%D8%B1%D8%AC%D8%B1+12%E2%80%AD/data=!4m7!3m6!1s0x3e2f03462c3a28bd:0x11193010d95fb85b!8m2!3d24.686528!4d46.6806198!16s%2Fg%2F1q64fd5j_!19sChIJvSg6LEYDLz4RW7hf2RAwGRE?authuser=0&hl=ar&rclk=1","برجر 12","3.8","(842)","","","هامبرغر","·","","MMPJ+J69، طريق الأمير سلطان بن عبدالعزيز","","مفتوح","⋅ يغلق ١:٣٠ ص","https://lh5.googleusercontent.com/p/AF1QipOkCeSwZUQm0-2PPWjnlEml2TeD6vV9zH1fnV_M=w80-h157-k-no","الجلوس داخل المكان","·","طعام سفري","·","التسليم بدون تلامس"
"https://www.google.com/maps/place/%D8%B3%D8%AA%D8%A7%D9%85%D8%A8+%D8%A8%D8%B1%D8%AC%D8%B1%E2%80%AD/data=!4m7!3m6!1s0x3e2ee537f313280d:0x26b960d0d4897c63!8m2!3d24.8188942!4d46.656167!16s%2Fg%2F11pb1_00y5!19sChIJDSgT8zflLj4RY3yJ1NBguSY?authuser=0&hl=ar&rclk=1","ستامب برجر","4.4","(1,718)","","","وجبات سريعة","·","","القادسية","","مفتوح","⋅ يغلق ٣ ص","https://lh5.googleusercontent.com/p/AF1QipOEcvEzIJgMIFYruH7BvfnJCkgFgoVAMUdVLGu4=w80-h106-k-no","الجلوس داخل المكان","·","طعام سفري","·","التسليم بدون تلامس"
"https://www.google.com/maps/place/%D8%AC%D8%A7%D9%86+%D8%A8%D8%B1%D8%AC%D8%B1%E2%80%AD/data=!4m7!3m6!1s0x3e2f03734673c0f5:0xc62357ca2733f8b5!8m2!3d24.696727!4d46.703506!16s%2Fg%2F11cly5thj2!19sChIJ9cBzRnMDLz4RtfgzJ8pXI8Y?authuser=0&hl=ar&rclk=1","جان برجر","3.9","(1,220)","·","$$","مطعم","·","","","","Prince Abdulaziz Ibn Musaid Ibn Jalawi St, Dabab","مفتوح على مدار 24 ساعة","https://lh5.googleusercontent.com/p/AF1QipMnhR3OtesKrPqe1LNyWmIDFrCOVQgr195ojo_F=w80-h106-k-no","الجلوس داخل المكان","·","طعام سفري","·","التسليم بدون تلامس"
"https://www.google.com/maps/place/%D8%A8%D8%B1%D8%AC%D8%B1+%D9%88+%D8%A8%D8%B1%D8%AC%D8%B1%E2%80%AD/data=!4m7!3m6!1s0x3e2ee4903b882617:0x72024a61baa453d1!8m2!3d24.8198866!4d46.6423702!16s%2Fg%2F11bwqf6dkz!19sChIJFyaIO5DkLj4R0VOkumFKAnI?authuser=0&hl=ar&rclk=1","برجر و برجر","3.7","(465)","·","$$","هامبرغر","·","","","⋅ يغلق ٢ ص","RJ9R+XW5، King Abdul Aziz Branch Road, Al Hufuf","مفتوح","https://lh5.googleusercontent.com/p/AF1QipMkOVE3CI2Y1E7xYmDIYMOWXYKpBVQAM2J-gwO0=w93-h92-k-no","الجلوس داخل المكان","·","طعام سفري","·","التسليم بدون تلامس"
"https://www.google.com/maps/place/%D9%85%D9%88%D9%83%D9%8A+%D8%A8%D8%B1%D8%AC%D8%B1%E2%80%AD/data=!4m7!3m6!1s0x3e2efd55314e5e21:0x9560ea87e6e453e!8m2!3d24.7794847!4d46.6824857!16s%2Fg%2F11sbwqy3h1!19sChIJIV5OMVX9Lj4RPkVufqgOVgk?authuser=0&hl=ar&rclk=1","موكي برجر","4.5","(336)","·","$$","هامبرغر","·","","","⋅ يغلق ٢ ص","QMHJ+RX","مفتوح","https://lh5.googleusercontent.com/p/AF1QipPocIHoc-r8Hj8oKbZFT9uxcdzyCGHwuDfVPTJm=w138-h92-k-no","الجلوس داخل المكان","·","الإيصال إلى السيارة","·","التسليم بدون تلامس"
"https://www.google.com/maps/place/%D8%A3%D9%87%D9%88%D9%8A+%D8%A8%D8%B1%D8%AC%D8%B1%E2%80%AD/data=!4m7!3m6!1s0x3e2ee3da29e60a2b:0xdd6b2f04dfbba072!8m2!3d24.7397393!4d46.6450568!16s%2Fg%2F11rqg_fj8c!19sChIJKwrmKdrjLj4RcqC73wQva90?authuser=0&hl=ar&rclk=1","أهوي برجر","4.3","(1,585)","","","مطعم","·","","طريق الإمام سعود بن عبدالعزيز بن محمد","","مفتوح","⋅ يغلق ٣ ص","https://lh5.googleusercontent.com/p/AF1QipNfollvDz1o5ewvoNqVp5wxPRt76IN6XaqO5srR=w197-h92-k-no","الجلوس داخل المكان","·","طعام سفري","·","التسليم بدون تلامس"
"https://www.google.com/maps/place/%D8%B3%D9%86%D8%B4%D8%B1%D9%8A+%D8%A8%D8%B1%D8%AC%D8%B1%E2%80%AD/data=!4m7!3m6!1s0x3e2f01b4f92fc363:0x83c5fd9e7d68c8a4!8m2!3d24.7666568!4d46.7549214!16s%2Fg%2F11hkcvq3v3!19sChIJY8Mv-bQBLz4RpMhofZ79xYM?authuser=0&hl=ar&rclk=1","سنشري برجر","4.3","(3,495)","·","$$","هامبرغر","·","","·","شارع الجبو","مفتوح","⋅ يغلق ٤ ص","https://lh5.googleusercontent.com/p/AF1QipN7QDkKVppGISqycPfELIJx0RsDrvhlDLkxl6-J=w186-h92-k-no","الجلوس داخل المكان","·","طعام سفري","·","التسليم بدون تلامس"
"https://www.google.com/maps/place/%D8%A8%D8%B1%D8%AC%D8%B1%D9%8A%D8%B4%D9%86%E2%80%AD/data=!4m7!3m6!1s0x3e2f054da0638e65:0xbf7ae7deb2d6e46d!8m2!3d24.6663125!4d46.6829375!16s%2Fg%2F11kgsfv41_!19sChIJZY5joE0FLz4RbeTWst7ner8?authuser=0&hl=ar&rclk=1","برجريشن","3.7","(192)","","","هامبرغر","·","","","⋅ يغلق ١ ص","MM8M+G5","مفتوح","https://lh5.googleusercontent.com/p/AF1QipOnXx_0jTqiJ_Oih8zljB2uYbIJQ6YTtt6h-WAS=w163-h92-k-no","""","","البرجر","","لذيذ واصابع الجبن أيضا، البطاطس عادي لكن السعر غالي."""
"https://www.google.com/maps/place/%D8%A8%D9%8A%D9%88%D8%B1%D8%AC%D8%B1%E2%80%AD/data=!4m7!3m6!1s0x3e2ee471bc74d315:0x599915770be94d5d!8m2!3d24.808264!4d46.6190137!16s%2Fg%2F11f3zn8nng!19sChIJFdN0vHHkLj4RXU3pC3cVmVk?authuser=0&hl=ar&rclk=1","بيورجر","4.1","(3,056)","·","$$","هامبرغر","·","","طريق أنس ابن مالك","","مفتوح","⋅ يغلق ٣ ص","https://lh5.googleusercontent.com/p/AF1QipODwTIMcCebzP6Bh5yBW2N8sZTDIUFS2xiST772=w92-h92-k-no","""جربت لغاويص","","برجر","","ودبل"
"https://www.google.com/maps/place/%D9%84%D8%AA%D8%B3+%D8%A8%D8%A7%D8%AA%D9%8A%E2%80%AD/data=!4m7!3m6!1s0x3e2ee35e4026a86b:0x9e93cb5c2da2e516!8m2!3d24.7964566!4d46.6512473!16s%2Fg%2F11qh94yxjl!19sChIJa6gmQF7jLj4RFuWiLVzLk54?authuser=0&hl=ar&rclk=1","لتس باتي","4.3","(1,533)","","","هامبرغر","·","","·","8113 طريق الثمامة","مفتوح","⋅ يغلق ٢ ص","https://lh5.googleusercontent.com/p/AF1QipMmza5x8tBaMdnTnEMq1k5GyoQqK7px1zDGpE7j=w80-h106-k-no","""","","برجر","","رائع وخفيف قريب جدا من الطعم الامريكي"""
"https://www.google.com/maps/place/B1+Burger+-+%D8%A8%D9%8A+%D9%88%D9%86+%D8%A8%D8%B1%D8%AC%D8%B1%E2%80%AD/data=!4m7!3m6!1s0x3e2efe20b4741783:0x85f462dfbdb6baa5!8m2!3d24.780052!4d46.7719858!16s%2Fg%2F11b5wjzxs5!19sChIJgxd0tCD-Lj4Rpbq2vd9i9IU?authuser=0&hl=ar&rclk=1","B1 Burger - بي ون برجر","4.1","(703)","·","$$","مطعم","·","","·","حى، شارع المصانع","مفتوح","⋅ يغلق أبوابه في الساعة ٤:٣٠ ص يوم الاثنين","https://lh5.googleusercontent.com/p/AF1QipMzOaXyTC1KfGnBTnE19Zrt-10cYGfbhT2GA2b0=w80-h100-k-no","الجلوس داخل المكان","·","طعام سفري","·","التسليم بدون تلامس"
"https://www.google.com/maps/place/%D8%A8%D8%B1%D8%AC%D8%B1+%D9%85%D8%A7%D8%A8%E2%80%AD/data=!4m7!3m6!1s0x3e2f01b40db81437:0x572f7ad7d9ba920f!8m2!3d24.72658!4d46.7797231!16s%2Fg%2F11rwmsmdkq!19sChIJNxS4DbQBLz4RD5K62dd6L1c?authuser=0&hl=ar&rclk=1","برجر ماب","4.5","(1,612)","·","$$","مطعم","·","","·","طريق خريص","مفتوح","⋅ يغلق ٢ ص","https://lh5.googleusercontent.com/p/AF1QipMpjgK98XnqJXgM1qOwssxRxk1o5W92sY1Idz1U=w123-h92-k-no","الجلوس داخل المكان","·","الإيصال إلى السيارة","·","التسليم بدون تلامس"
"https://www.google.com/maps/place/%D8%A8%D8%B1%D8%AC%D8%B1+%D9%85%D8%A7%D8%A8%E2%80%AD/data=!4m7!3m6!1s0x3e2efd43fc5faddf:0x3d2dc7eaac5da0e4!8m2!3d24.7873061!4d46.6810518!16s%2Fg%2F11pxmbjr0h!19sChIJ361f_EP9Lj4R5KBdrOrHLT0?authuser=0&hl=ar&rclk=1","برجر ماب","4.5","(2,526)","·","$$","هامبرغر","·","","طريق ابي بكر الصديق","","مفتوح","⋅ يغلق ٣ ص","https://lh5.googleusercontent.com/p/AF1QipNMITj5zy552bVxVc2H8b_-vYF0MKPaAKgSq4_o=w80-h106-k-no","الجلوس داخل المكان","·","الإيصال إلى السيارة","·","التسليم بدون تلامس"
"https://www.google.com/maps/place/%D9%81%D9%84+%D8%A7%D9%88%D9%81+%D8%A8%D8%B1%D8%AC%D8%B1%E2%80%AD/data=!4m7!3m6!1s0x3e2efdc9e9347301:0x8d975bf938ba08ca!8m2!3d24.8192734!4d46.7313595!16s%2Fg%2F11rp1mkx7h!19sChIJAXM06cn9Lj4Rygi6OPlbl40?authuser=0&hl=ar&rclk=1","فل اوف برجر","4.7","(2,401)","","","هامبرغر","·","","·","طريق سعيد ابن زيد","مفتوح","⋅ يغلق ١ ص","https://lh5.googleusercontent.com/p/AF1QipMxen_EwxEPt0VNQ7YbesHAbNwB4CkzrMTXBMex=w80-h106-k-no","الجلوس داخل المكان","·","طعام سفري","·","التسليم بدون تلامس"
"https://www.google.com/maps/place/%D8%A8%D8%A7%D9%88%D9%86%D8%B3+%D8%A8%D8%B1%D8%AC%D8%B1%E2%80%AD/data=!4m7!3m6!1s0x3e2f1f236fc95411:0x9667d6c561eb02ef!8m2!3d24.6540328!4d46.5812798!16s%2Fg%2F11s7tvxmmy!19sChIJEVTJbyMfLz4R7wLrYcXWZ5Y?authuser=0&hl=ar&rclk=1","باونس برجر","4.5","(239)","","","هامبرغر","·","","·","RDLC2392، 2392 شارع الطائف، 6187، حي ظهرة لبن،","مفتوح","⋅ يغلق ٤ ص","https://lh5.googleusercontent.com/p/AF1QipNcoBiGa6qXYDPYM2STbrN5HPJStJ6wBHcwljW7=w123-h92-k-no","الجلوس داخل المكان","·","خدمة الطلب أثناء القيادة","·","التسليم بدون تلامس"
"https://www.google.com/maps/place/%D9%83%D8%A7%D9%84%D9%8A%D9%81%D9%88%D8%B1%D9%86%D9%8A%D8%A7+%D8%A8%D8%B1%D8%AC%D8%B1%E2%80%AD/data=!4m7!3m6!1s0x3e2f032f12ee202b:0xa32925c55ef227b2!8m2!3d24.697858!4d46.723659!16s%2Fg%2F11sd01cxzn!19sChIJKyDuEi8DLz4RsifyXsUlKaM?authuser=0&hl=ar&rclk=1","كاليفورنيا برجر","4.7","(6,380)","·","$$","هامبرغر","·","","·","⋅ يغلق ١ ص","طريق صلاح الدين الأيوبي، Salah Ad Din Al Ayyubi Rd","مفتوح","https://lh5.googleusercontent.com/p/AF1QipNkddRFXTHkfKZkKvlRkIcfOJKW0bKjuUjB_iEx=w92-h92-k-no","الجلوس داخل المكان","·","طعام سفري","·","التسليم بدون تلامس"
"https://www.google.com/maps/place/%D9%88%D8%A7%D9%86+%D8%A7%D9%88+%D9%88%D8%A7%D9%86%E2%80%AD/data=!4m7!3m6!1s0x3e2f1d426c846ca5:0xb0415f3eb7d67304!8m2!3d24.723263!4d46.6521885!16s%2Fg%2F1trpp809!19sChIJpWyEbEIdLz4RBHPWtz5fQbA?authuser=0&hl=ar&rclk=1","وان او وان","4.0","(1,633)","","","هامبرغر","·","","·","6331 طريق الملك عبدالله الفرعي, 3902","مفتوح","⋅ يغلق ٣ ص","https://lh5.googleusercontent.com/p/AF1QipO4oMYs0NXRuOKumAxxh-4DgjEAxNqhkZ8uROyt=w80-h106-k-no","الجلوس داخل المكان","·","طعام سفري","·","التسليم بدون تلامس"
"https://www.google.com/maps/place/%D8%A8%D8%B1%D8%AC%D8%B1+%D9%85%D8%B4%D9%88%D9%8A%E2%80%AD/data=!4m7!3m6!1s0x3e2efce1cc2e1817:0x7336151feb48a34f!8m2!3d24.7895764!4d46.6926067!16s%2Fg%2F11gfhtffxv!19sChIJFxguzOH8Lj4RT6NI6x8VNnM?authuser=0&hl=ar&rclk=1","برجر مشوي","3.5","(113)","","","وجبات سريعة","·","","","⋅ يغلق ٣ ص","QMQV+R2Q","مفتوح","https://lh5.googleusercontent.com/p/AF1QipObc0omh-cyEfHrDcTAFxdHkQuO56U0ilcuMuVG=w80-h93-k-no","الجلوس داخل المكان","·","طعام سفري","·","التسليم بدون تلامس"
"https://www.google.com/maps/place/%D8%A7%D8%B5%D9%84+%D8%A7%D9%84%D8%A8%D8%B1%D8%AC%D8%B1+TBO%E2%80%8F%E2%80%AD/data=!4m7!3m6!1s0x3e2eff5666ee9bfd:0xad2fc5018ce3f348!8m2!3d24.8497453!4d46.7649032!16s%2Fg%2F11spljmsrl!19sChIJ_ZvuZlb_Lj4RSPPjjAHFL60?authuser=0&hl=ar&rclk=1","اصل البرجر TBO‏","4.5","(558)","","","هامبرغر","·","","·","طريق الثمامة","مفتوح","⋅ يغلق ٣:٣٠ ص","https://lh5.googleusercontent.com/p/AF1QipNik1WqOsXSYzgK2Xgr5SneDVRhKy1x9JTKJKkf=w140-h92-k-no","الجلوس داخل المكان","·","طعام سفري","·","التسليم بدون تلامس"
"https://www.google.com/maps/place/%D8%AF%D8%A7%D9%8A%D8%B2+%D8%A8%D8%B1%D8%AC%D8%B1%E2%80%AD/data=!4m7!3m6!1s0x3e2ee30a14b7cf0d:0x494edd6e07e5a7bd!8m2!3d24.7886112!4d46.639118!16s%2Fg%2F11q9q_xytm!19sChIJDc-3FArjLj4RvaflB27dTkk?authuser=0&hl=ar&rclk=1","دايز برجر","4.8","(1,356)","","","مطعم","·","","شارع الأمير سلمان بن محمد آل سعود","","مفتوح","⋅ يغلق أبوابه في الساعة ٤:٣٠ ص يوم الاثنين","https://lh5.googleusercontent.com/p/AF1QipOslEz5oRicp3ACFfHDuYbzbzLJc5lgt140DLzB=w138-h92-k-no","الجلوس داخل المكان","·","الإيصال إلى السيارة","·","التسليم بدون تلامس"
"https://www.google.com/maps/place/%D8%A7%D8%B5%D9%84+%D8%A7%D9%84%D8%A8%D8%B1%D8%AC%D8%B1+TBO%E2%80%AD/data=!4m7!3m6!1s0x3e2f1f211ce9ef3d:0xa7532a2e1acc18ee!8m2!3d24.6294436!4d46.5418889!16s%2Fg%2F11s767ly2b!19sChIJPe_pHCEfLz4R7hjMGi4qU6c?authuser=0&hl=ar&rclk=1","اصل البرجر TBO","4.8","(1,899)","·","$$","هامبرغر","·","","","⋅ يغلق ٤ ص","JGHR+QP5","مفتوح","https://lh5.googleusercontent.com/p/AF1QipPx0khgW18zuEmzNpqva27hfIakiYPmur4jU0yr=w140-h92-k-no","الجلوس داخل المكان","·","طعام سفري","·","التسليم بدون تلامس"
"https://www.google.com/maps/place/%D8%A8%D8%B1%D8%AC%D8%B1+%D8%A8%D9%88%D8%AA%D9%8A%D9%83%E2%80%AD/data=!4m7!3m6!1s0x3e2ee3e24e2b3bf3:0xeb306e1366aa1915!8m2!3d24.7910239!4d46.6111179!16s%2Fg%2F11lj3wn754!19sChIJ8zsrTuLjLj4RFRmqZhNuMOs?authuser=0&hl=ar&rclk=1","برجر بوتيك","4.5","(4,248)","","","مطعم","·","","·","طريق الأمير محمد بن سعد بن عبدالعزيز","مفتوح","⋅ يغلق ١ ص","https://lh5.googleusercontent.com/p/AF1QipOQqPT9pQtJz3MJplYa31nCObtC3yMSU0ZCHidT=w158-h92-k-no","الجلوس داخل المكان","·","طعام سفري","·","التسليم بدون تلامس"
"https://www.google.com/maps/place/%D9%81%D8%A7%D9%8A%D8%B1+%D9%81%D9%84%D8%A7%D9%8A+%D8%A8%D8%B1%D8%AC%D8%B1%E2%80%AD/data=!4m7!3m6!1s0x3e2f039480825825:0x180ebaa8627278ed!8m2!3d24.708591!4d46.6887596!16s%2Fg%2F11k9gwdq29!19sChIJJViCgJQDLz4R7XhyYqi6Dhg?authuser=0&hl=ar&rclk=1","فاير فلاي برجر","4.5","(327)","","","مطعم","·","","·","⋅ يغلق ١ ص","PM5Q+CFQ","مفتوح","https://lh5.googleusercontent.com/p/AF1QipNRXDN6o5AY7cgDdF98b7bNBVStQqNvWABlUnUh=w122-h92-k-no","الجلوس داخل المكان","·","طعام سفري","·","التسليم بدون تلامس"
"https://www.google.com/maps/place/%D9%81%D9%84%D9%8A%D9%83%D8%B1+%D8%A8%D8%B1%D9%82%D8%B1+Flicker+burger%E2%80%AD/data=!4m7!3m6!1s0x3e2f03181d222c11:0xc7668fa5049f943d!8m2!3d24.6979789!4d46.6940927!16s%2Fg%2F11tnfj1j3b!19sChIJESwiHRgDLz4RPZSfBKWPZsc?authuser=0&hl=ar&rclk=1","فليكر برقر Flicker burger","4.3","(543)","","","هامبرغر","·","","3045 عبدالله بن سليمان الحمدان، RHSA7993","","مفتوح","⋅ يغلق ٣:٣٠ ص","https://lh5.googleusercontent.com/p/AF1QipOUXmAxHxeshJJ1CklggMsPRgiky4jLEvH64n6J=w80-h106-k-no","الجلوس داخل المكان","·","خدمة الطلب أثناء القيادة","·","التسليم بدون تلامس"
"https://www.google.com/maps/place/%D9%87%D9%84%D8%A7+%D8%A8%D8%B1%D8%AC%D8%B1%E2%80%AD/data=!4m7!3m6!1s0x3e2f016a3b90f3ff:0x32635340c3906061!8m2!3d24.7477594!4d46.7752365!16s%2Fg%2F11l8tkqnbd!19sChIJ__OQO2oBLz4RYWCQw0BTYzI?authuser=0&hl=ar&rclk=1","هلا برجر","4.5","(772)","","","هامبرغر","·","","·","الامير بندر بن عبدالعزيز","مفتوح","⋅ يغلق ١:٣٠ ص","https://lh5.googleusercontent.com/p/AF1QipNxogcXQ2USldo15zj5f2szeqxqA5UB7QUhWmI=w80-h106-k-no","الجلوس داخل المكان","·","طعام سفري","·","التسليم بدون تلامس"
"https://www.google.com/maps/place/%D8%A7%D8%B5%D9%84+%D8%A7%D9%84%D8%A8%D8%B1%D8%AC%D8%B1+TBO%E2%80%AD/data=!4m7!3m6!1s0x3e2ee5b5a1cf125b:0x14e49e13210d573e!8m2!3d24.8550693!4d46.6476445!16s%2Fg%2F11nh9c3r19!19sChIJWxLPobXlLj4RPlcNIROe5BQ?authuser=0&hl=ar&rclk=1","اصل البرجر TBO","4.4","(1,052)","","","هامبرغر","·","","طريق ابي بكر الصديق","","مفتوح","⋅ يغلق ٤ ص","https://lh5.googleusercontent.com/p/AF1QipPqcX1iItm5DStVnMY7tcd5VW3F20P7Ssehfnso=w92-h92-k-no","الجلوس داخل المكان","·","طعام سفري","·","التسليم بدون تلامس"
"https://www.google.com/maps/place/%D8%A8%D8%B1%D8%AC%D8%B1+%D9%87%D9%86%D8%B4%E2%80%AD/data=!4m7!3m6!1s0x3e2efd7a156d74e1:0xe0994efcc19036d7!8m2!3d24.7642382!4d46.7141575!16s%2Fg%2F11twq9f8s_!19sChIJ4XRtFXr9Lj4R1zaQwfxOmeA?authuser=0&hl=ar&rclk=1","برجر هنش","4.3","(1,618)","·","$$","مطعم","·","","·","طريق عثمان بن عفان","مفتوح","⋅ يغلق ٣:٣٠ ص","https://lh5.googleusercontent.com/p/AF1QipOTeGt2nsKlv3E3XzWuDytUGYGGQ8X3ugs-hruC=w122-h92-k-no","الجلوس داخل المكان","·","طعام سفري","·","التسليم بدون تلامس"
"https://www.google.com/maps/place/%D9%87%D9%84%D8%A7+%D8%A8%D8%B1%D8%AC%D8%B1%E2%80%AD/data=!4m7!3m6!1s0x3e2ee2df0002e747:0xe880ca0530820b4!8m2!3d24.7724186!4d46.6536842!16s%2Fg%2F11g9pxn2q8!19sChIJR-cCAN_iLj4RtCAIU6AMiA4?authuser=0&hl=ar&rclk=1","هلا برجر","4.4","(1,602)","·","$$","هامبرغر","·","","·","شارع السيل الكبير","مفتوح","⋅ يغلق ١:٣٠ ص","https://lh5.googleusercontent.com/p/AF1QipPN7zUBLC4bjkDK8-S2IiQ__lCcSqEe1YxS98mW=w138-h92-k-no","الجلوس داخل المكان","·","طعام سفري","·","التسليم بدون تلامس"
"https://www.google.com/maps/place/%D9%87%D9%84%D8%A7+%D8%A8%D8%B1%D8%AC%D8%B1%E2%80%AD/data=!4m7!3m6!1s0x3e2f1f97f1882a11:0x7cab23e6f97ad4c!8m2!3d24.6509389!4d46.5609651!16s%2Fg%2F11pzs3q717!19sChIJESqI8ZcfLz4RTK2Xbz6yygc?authuser=0&hl=ar&rclk=1","هلا برجر","4.6","(448)","","","هامبرغر","·","","·","شارع الطائف","مفتوح","⋅ يغلق ١:٣٠ ص","https://lh5.googleusercontent.com/p/AF1QipND1rD4YVXzjM4yJZizL2EtOH09F2cVAFxw0Rzm=w140-h92-k-no","الجلوس داخل المكان","·","طعام سفري","·","التسليم بدون تلامس"
"https://www.google.com/maps/place/%D8%A8%D8%B1%D8%AC%D8%B1+%D8%A8%D9%88%D8%AA%D9%8A%D9%83%E2%80%AD/data=!4m7!3m6!1s0x3e2ee3962c66baeb:0x978842063dd8d9c6!8m2!3d24.7554066!4d46.6299825!16s%2Fg%2F11tfjqpx8h!19sChIJ67pmLJbjLj4RxtnYPQZCiJc?authuser=0&hl=ar&rclk=1","برجر بوتيك","4.6","(867)","","","مطعم","·","","·","⋅ يغلق ١ ص","Riyadh Park Mall","مفتوح","https://lh5.googleusercontent.com/p/AF1QipNvMdw9cPqPidIrbC0hOU9NvASKe4uMeGhN5MBS=w80-h106-k-no","الجلوس داخل المكان","·","طعام سفري","·","التسليم بدون تلامس"
"https://www.google.com/maps/place/%D8%A7%D8%B5%D9%84+%D8%A7%D9%84%D8%A8%D8%B1%D8%AC%D8%B1+TBO%E2%80%8F%E2%80%AD/data=!4m7!3m6!1s0x3e2effeef894cf9d:0xeeab642293b8c1bc!8m2!3d24.8172587!4d46.8039624!16s%2Fg%2F11s3c0_bl2!19sChIJnc-U-O7_Lj4RvMG4kyJkq-4?authuser=0&hl=ar&rclk=1","اصل البرجر TBO‏","4.8","(1,764)","","","هامبرغر","·","","·","7211 الشيخ جابر الاحمد الصباح، 3000","مفتوح","⋅ يغلق ٤ ص","https://lh5.googleusercontent.com/p/AF1QipOBSBa25ki78PM9apTSEPrB3jlOvku6mAUvPN7H=w140-h92-k-no","الجلوس داخل المكان","·","طعام سفري","·","التسليم بدون تلامس"
"https://www.google.com/maps/place/%D8%A8%D9%8A+%D9%88%D9%86+%D8%A8%D8%B1%D8%AC%D8%B1+-+B1+Burger%E2%80%AD/data=!4m7!3m6!1s0x3e2f0279cf5e082f:0x9b33919f10fb9c12!8m2!3d24.7545586!4d46.719331!16s%2Fg%2F1pycjhg52!19sChIJLwhez3kCLz4REpz7EJ-RM5s?authuser=0&hl=ar&rclk=1","بي ون برجر - B1 Burger","3.8","(1,270)","·","$$","مطعم","·","","·","طريق عثمان بن عفان","مفتوح","⋅ يغلق أبوابه في الساعة ٤:٣٠ ص يوم الاثنين","https://lh5.googleusercontent.com/p/AF1QipPiRrZka9gZqQBEC6Br67QqdOXf5mM6y5reAiRv=w80-h100-k-no","الجلوس داخل المكان","·","طعام سفري","·","التسليم بدون تلامس"
"https://www.google.com/maps/place/%D8%AC%D8%A7%D9%86+%D8%A8%D8%B1%D8%AC%D8%B1%E2%80%AD/data=!4m7!3m6!1s0x3e2f03e0a43b8ff9:0x5ee1f0bfdc670e6b!8m2!3d24.7562274!4d46.719423!16s%2Fg%2F11p64sthct!19sChIJ-Y87pOADLz4Raw5n3L_w4V4?authuser=0&hl=ar&rclk=1","جان برجر","3.6","(337)","·","$$","هامبرغر","·","","·","6483 طريق عثمان بن عفان، حي 2711","مفتوح على مدار 24 ساعة","","https://lh5.googleusercontent.com/p/AF1QipPSRl87aobkIGMwtVKa5VF1yCjS-c7sGZ3pkQcQ=w80-h106-k-no","الجلوس داخل المكان","·","خدمة الطلب أثناء القيادة","·","التسليم بدون تلامس"
"https://www.google.com/maps/place/%D8%A7%D9%88%D9%83%D9%86%D9%88+%D8%A8%D8%B1%D8%AC%D8%B1%E2%80%AD/data=!4m7!3m6!1s0x3e2ee3f69a1dff2b:0xeebe6d38da271974!8m2!3d24.7932959!4d46.6535156!16s%2Fg%2F11kj41gs7q!19sChIJK_8dmvbjLj4RdBkn2jhtvu4?authuser=0&hl=ar&rclk=1","اوكنو برجر","4.4","(307)","","","مطعم","·","","·","ون سكوير","مفتوح","⋅ يغلق ٤ ص","https://lh5.googleusercontent.com/p/AF1QipOMl8gaSNaPwe1urH8zyQTJ-00CRs44vdiWc1aV=w80-h106-k-no","الجلوس داخل المكان","·","طعام سفري","·","التسليم بدون تلامس"
"https://www.google.com/maps/place/%D8%AA%D8%B4%D9%88%D8%A8+%D8%A8%D8%B1%D8%AC%D8%B1%E2%80%AD/data=!4m7!3m6!1s0x3e2f03af9862f1d7:0xe2cafbf5ecb7ed52!8m2!3d24.7533228!4d46.7102489!16s%2Fg%2F11tt5x2x75!19sChIJ1_FimK8DLz4RUu237PX7yuI?authuser=0&hl=ar&rclk=1","تشوب برجر","4.0","(71)","","","مطعم","·","","","⋅ يغلق ٢ ص","7054 Turki Bin Ahmad Al Sudairi St Al Nuzha District Riyadh 12471 - 3560","مفتوح","https://lh5.googleusercontent.com/p/AF1QipNbD_DEsrRrFdH4UXI180UgZAHV6eYT2SBBgUHm=w122-h92-k-no","الجلوس داخل المكان","·","الإيصال إلى السيارة","·","التسليم بدون تلامس"
"https://www.google.com/maps/place/%D8%B4%D8%A7%D9%83+%D8%A8%D8%B1%D8%AC%D8%B1%E2%80%AD/data=!4m7!3m6!1s0x3e2eff4b7b59e429:0x24485ad7d679941c!8m2!3d24.7869109!4d46.7573021!16s%2Fg%2F11t4529s0m!19sChIJKeRZe0v_Lj4RHJR51tdaSCQ?authuser=0&hl=ar&rclk=1","شاك برجر","4.2","(175)","","","مطعم","·","","طريق الإمام عبدالله بن سعود بن عبدالعزيز الفرعي، Near 2879","","مفتوح","⋅ يغلق أبوابه في الساعة ٤:٣٠ ص يوم الاثنين","https://lh5.googleusercontent.com/p/AF1QipM8K7dkkI2QxZg49QfnAeAqptqoC0fxwlsKNxva=w190-h92-k-no","الجلوس داخل المكان","·","الإيصال إلى السيارة","·","التسليم بدون تلامس"
"https://www.google.com/maps/place/Cleaver+Burger+%D9%83%D9%84%D9%8A%DA%A4%D8%B1+%D8%A8%D8%B1%D8%AC%D8%B1%E2%80%8E%E2%80%AD/data=!4m7!3m6!1s0x3e2ee3a544b9ff3f:0x9c762d2f35f7fecc!8m2!3d24.7519912!4d46.6393509!16s%2Fg%2F11rwwj16kc!19sChIJP_-5RKXjLj4RzP73NS8tdpw?authuser=0&hl=ar&rclk=1","Cleaver Burger كليڤر برجر‎","4.1","(2,356)","","","مطعم","·","","شارع التخصصي","برغر بلحم الواغيو في مبنى صناعي","مفتوح","⋅ يغلق ٢:٣٠ ص","https://lh5.googleusercontent.com/p/AF1QipPVRI0qYctKcTlGoRjYgWxLs8CtMRRSxmxLP1Qp=w122-h92-k-no","الجلوس داخل المكان","·","طعام سفري","·","التسليم بدون تلامس"
"https://www.google.com/maps/place/%D8%B4%D8%A7%D9%83+%D8%A8%D8%B1%D8%AC%D8%B1%E2%80%AD/data=!4m7!3m6!1s0x3e2f0505195e572d:0x36c42346b678cc3d!8m2!3d24.6644367!4d46.6824963!16s%2Fg%2F11n2ws7k83!19sChIJLVdeGQUFLz4RPcx4tkYjxDY?authuser=0&hl=ar&rclk=1","شاك برجر","4.2","(164)","","","مطعم","","","","","مفتوح على مدار 24 ساعة","","https://lh5.googleusercontent.com/p/AF1QipP6aZB51HDs5tes9s0na9t6YvCTKpo5T9wwetny=w172-h92-k-no","الجلوس داخل المكان","·","طعام سفري","·","التسليم بدون تلامس"
"https://www.google.com/maps/place/%D8%A8%D8%B1%D8%AC%D8%B1+%D9%85%D9%8A%D9%83%D8%B1%D8%B2%E2%80%AD/data=!4m7!3m6!1s0x3e2f01deefeec8ed:0x66d00268c3b0f04f!8m2!3d24.7738804!4d46.7731919!16s%2Fg%2F11rxwglpy1!19sChIJ7cju794BLz4RT_Cww2gC0GY?authuser=0&hl=ar&rclk=1","برجر ميكرز","4.2","(1,567)","·","$$$","هامبرغر","·","","","","مفتوح","⋅ يغلق ٢ ص","https://lh5.googleusercontent.com/p/AF1QipMjIouFuhokMGICFRqZj3iVhosVvjjXoOU52RUB=w80-h141-k-no","الجلوس داخل المكان","·","طعام سفري","·","التسليم بدون تلامس"
"https://www.google.com/maps/place/%D8%A8%D8%B1%D8%AC%D8%B1+%D8%A8%D9%88%D8%B4%E2%80%AD/data=!4m7!3m6!1s0x3e2f038b1efcba77:0xddcd2195b1a14a5a!8m2!3d24.7043381!4d46.7033583!16s%2Fg%2F11tdjkhq9j!19sChIJd7r8HosDLz4RWkqhsZUhzd0?authuser=0&hl=ar&rclk=1","برجر بوش","3.8","(56)","","","وجبات سريعة","·","","3951 طريق الأمير محمد بن عبدالعزيز، 8686،","","","","https://lh5.googleusercontent.com/p/AF1QipOGxMqVB8hvZmwlpI7xljolVGmKbW90cEa9n_39=w163-h92-k-no","الجلوس داخل المكان","·","طعام سفري","·","التسليم بدون تلامس"
"https://www.google.com/maps/place/%D9%83%D9%88%D8%B1%D8%A7%E2%80%AD/data=!4m7!3m6!1s0x3e2f035fc6b8c397:0x503f740ea23948f9!8m2!3d24.6899058!4d46.6823465!16s%2Fg%2F11s3b1f9b8!19sChIJl8O4xl8DLz4R-Ug5og50P1A?authuser=0&hl=ar&rclk=1","كورا","4.1","(766)","·","$","مطعم","·","","7650 محمد الراعي","","مفتوح","⋅ يغلق أبوابه في الساعة ٥ ص يوم الاثنين","https://lh5.googleusercontent.com/p/AF1QipNudJy5pMUI8WSgwU86FD0fGVovKclE2hgSCOg8=w122-h92-k-no","الجلوس داخل المكان","·","طعام سفري","·","التسليم بدون تلامس"
"https://www.google.com/maps/place/%D8%AC%D9%88%D9%84%D9%8A+%D8%A8%D8%B1%D8%AC%D8%B1%E2%80%AD/data=!4m7!3m6!1s0x3e2ee51d249de283:0xc4a936d6feaff8a2!8m2!3d24.8223917!4d46.6495464!16s%2Fg%2F11h6h_szdz!19sChIJg-KdJB3lLj4Roviv_tY2qcQ?authuser=0&hl=ar&rclk=1","جولي برجر","4.0","(1,142)","","","وجبات سريعة","·","","·","طريق أنس ابن مالك","مفتوح","⋅ يغلق ١:٣٠ ص","https://lh5.googleusercontent.com/p/AF1QipPWNza652VXpU4Gp8UXylJYhCVOmJRRxC9yD1e6=w147-h92-k-no","الجلوس داخل المكان","·","طعام سفري","·","التسليم بدون تلامس"
"https://www.google.com/maps/place/%D8%AC%D8%A7%D9%86+%D8%A8%D8%B1%D8%AC%D8%B1%E2%80%AD/data=!4m7!3m6!1s0x3e2f06b9d8870a75:0x4e2802b52d4d5596!8m2!3d24.6904328!4d46.7640372!16s%2Fg%2F1jmcwj2yy!19sChIJdQqH2LkGLz4RllVNLbUCKE4?authuser=0&hl=ar&rclk=1","جان برجر","3.7","(935)","·","$$","مطعم","·","","شارع الامير متعب، Exit 14، الرياض 12834، 14213،","","مفتوح","⋅ يغلق ٤ ص","https://lh5.googleusercontent.com/p/AF1QipPaVMuc8IcxlA-0gPUShbFg9ZglfsCWBygThSL-=w163-h92-k-no","الجلوس داخل المكان","·","طعام سفري","·","التسليم بدون تلامس"
"https://www.google.com/maps/place/%D9%88%D8%A7%D9%88+%D8%A8%D8%B1%D8%AC%D8%B1%E2%80%AD/data=!4m7!3m6!1s0x3e2f1b3fdda01c89:0x56f13b2a2d94a162!8m2!3d24.6488347!4d46.651721!16s%2Fg%2F11mq2s7d80!19sChIJiRyg3T8bLz4RYqGULSo78VY?authuser=0&hl=ar&rclk=1","واو برجر","3.4","(37)","","","هامبرغر","·","","مركز البولينج العالمي حي بالقرب من","","مفتوح","⋅ يغلق ١ ص","https://lh5.googleusercontent.com/p/AF1QipPa_XyEC9OrqIgjngPSClzmp1dqA_LXq5x7RXfm=w80-h142-k-no","الجلوس داخل المكان","·","طعام سفري","·","لا تتوفر خدمة التوصيل"
"https://www.google.com/maps/place/%D8%AC%D8%A7%D9%86+%D8%A8%D8%B1%D8%AC%D8%B1%E2%80%AD/data=!4m7!3m6!1s0x3e2ee243a81a8065:0xa8b77d86a7d01f9b!8m2!3d24.74655!4d46.619879!16s%2Fg%2F11c3v6zk4t!19sChIJZYAaqEPiLj4Rmx_Qp4Z9t6g?authuser=0&hl=ar&rclk=1","جان برجر","3.6","(996)","·","$$","مطعم","·","","طريق الامير تركي بن عبدالعزيز الأول","","مفتوح","⋅ يغلق ٤ ص","https://lh5.googleusercontent.com/p/AF1QipMtzdJdCYlzBkaKnG-F5u7IqsxqoH8DXWZhEdsO=w80-h106-k-no","الجلوس داخل المكان","·","طعام سفري","·","التسليم بدون تلامس"
"https://www.google.com/maps/place/%D8%AC%D8%B1%D8%A7%D9%81%D8%AA%D9%8A+%D8%A8%D8%B1%D8%AC%D8%B1%E2%80%AD/data=!4m7!3m6!1s0x3e2ee5a50f9c1dc9:0x203b213cd1c8c76d!8m2!3d24.8008929!4d46.601417!16s%2Fg%2F11tjzyww8s!19sChIJyR2cD6XlLj4RbcfI0TwhOyA?authuser=0&hl=ar&rclk=1","جرافتي برجر","4.5","(621)","","","هامبرغر","·","","·","طريق أنس ابن مالك","مفتوح على مدار 24 ساعة","","https://lh5.googleusercontent.com/p/AF1QipNzT3SwGGcklduQ3lV3ifPBRCKF6GOVibptf_l1=w92-h92-k-no","الجلوس داخل المكان","·","طعام سفري","·","التسليم بدون تلامس"
"https://www.google.com/maps/place/%D8%A8%D8%B1%D8%AC%D8%B1+%D9%83%D9%86%D8%AC%E2%80%AD/data=!4m7!3m6!1s0x3e2ee2a6fab05887:0x28bb9cb437b97ba9!8m2!3d24.741256!4d46.657895!16s%2Fg%2F1hhj0vkyd!19sChIJh1iw-qbiLj4RqXu5N7Scuyg?authuser=0&hl=ar&rclk=1","برجر كنج","3.7","(1,999)","·","$$","هامبرغر","·","","·","⋅ يغلق ٤ ص","Next to Hyper Panda, King Fahd Branch Rd, Riyadh Gallery Mall","مفتوح","https://lh5.googleusercontent.com/p/AF1QipPZU83vm-pGvDRennhKOVxb3DmwTPfjetmvB7o8=w122-h92-k-no","الجلوس داخل المكان","·","خدمة الطلب أثناء القيادة","·","التسليم بدون تلامس"
"https://www.google.com/maps/place/ERROR+BURGER/data=!4m7!3m6!1s0x3e2f03199d8e9125:0xc4e87a115c3170b9!8m2!3d24.7049718!4d46.6848128!16s%2Fg%2F11sctqc7l3!19sChIJJZGOnRkDLz4RuXAxXBF66MQ?authuser=0&hl=ar&rclk=1","ERROR BURGER","4.0","(384)","·","$$","هامبرغر","·","","2983 شارع موسى بن نصير، 6920","","مفتوح","⋅ يغلق ٢ ص","https://lh5.googleusercontent.com/p/AF1QipOcFpwcE3SNi62U64E2EwqkYC04-2pgNDIRZqlu=w147-h92-k-no","الجلوس داخل المكان","·","طعام سفري","·","التسليم بدون تلامس"
"https://www.google.com/maps/place/%D8%A8%D8%B1%D8%AC%D8%B1+%D9%83%D9%86%D8%AC%E2%80%AD/data=!4m7!3m6!1s0x3e2f06e826c115e7:0xac1c221423e4408c!8m2!3d24.685857!4d46.774597!16s%2Fg%2F11c5554pcc!19sChIJ5xXBJugGLz4RjEDkIxQiHKw?authuser=0&hl=ar&rclk=1","برجر كنج","4.2","(136)","·","$$","هامبرغر","·","","·","Othaim Mall، الطريق الدائري الشرقي الفرعي","مفتوح","⋅ يغلق ١٢ ص","https://lh5.googleusercontent.com/p/AF1QipOyPjYEPGoPd90yUyJwyF8gOjCSLNV5KG3UFuva=w92-h92-k-no","الجلوس داخل المكان","·","طعام سفري","·","التسليم بدون تلامس"
"https://www.google.com/maps/place/%D8%AC%D8%B1%D9%8A%D9%84+%D8%A7%D8%AA%E2%80%AD/data=!4m7!3m6!1s0x3e2f030b537393a5:0xa307cb73d01fc256!8m2!3d24.6980107!4d46.7044906!16s%2Fg%2F11c51rm5zk!19sChIJpZNzUwsDLz4RVsIf0HPLB6M?authuser=0&hl=ar&rclk=1","جريل ات","4.0","(389)","·","$$","مطعم","·","","2558 طريق الأمير سلطان بن عبدالعزيز","","مفتوح","⋅ يغلق ٣ ص","https://lh5.googleusercontent.com/p/AF1QipPiBxHFY6mgznBYu5mREpo4eacS9Zlec0iLvRyg=w80-h100-k-no","الجلوس داخل المكان","·","طعام سفري","·","التسليم بدون تلامس"
"https://www.google.com/maps/place/%D8%AA%D9%88%D8%A8+%D8%A8%D9%86%E2%80%AD/data=!4m7!3m6!1s0x3e2f031b0fb8c41f:0xae74a9c6786dc3b7!8m2!3d24.7014205!4d46.6764812!16s%2Fg%2F11v0gh88dj!19sChIJH8S4DxsDLz4Rt8NteMapdK4?authuser=0&hl=ar&rclk=1","توب بن","4.2","(396)","·","$$","هامبرغر","·","","·","شارع موسى بن نصير","مفتوح","⋅ يغلق ١ ص","https://lh5.googleusercontent.com/p/AF1QipOM7YZMpR8ids_l8bQPg3H1aQo6MnNYqQ2O_EkS=w92-h92-k-no","""","","البرجر","","لذيذ انصح في"
"https://www.google.com/maps/place/%D8%B4%D9%8A%D9%81%D8%B2+%D8%A8%D8%B1%D8%AC%D8%B1+%7C+Chef%27s+Burger%E2%80%AD/data=!4m7!3m6!1s0x3e2f03a369b3e2b1:0x7411370829db0396!8m2!3d24.763301!4d46.745799!16s%2Fg%2F11rgzw6m_m!19sChIJseKzaaMDLz4RlgPbKQg3EXQ?authuser=0&hl=ar&rclk=1","شيفز برجر | Chef's Burger","4.6","(5,923)","","","مطعم","·","","·","طريق الملك عبدالله الفرعي","مفتوح","⋅ يغلق ١:٤٥ ص","https://lh5.googleusercontent.com/p/AF1QipM-VInVsxxbISmJzOZEBFCG8EOxDrJwVUyWaAs1=w139-h92-k-no","الجلوس داخل المكان","·","طعام سفري","·","التسليم بدون تلامس"
"https://www.google.com/maps/place/Su+Burger+-+%D8%A7%D8%B3+%D9%8A%D9%88+%D8%A8%D8%B1%D8%AC%D8%B1%E2%80%AD/data=!4m7!3m6!1s0x3e2ee3f15e1ad2a5:0x996ac30a4c140d3b!8m2!3d24.7405538!4d46.6477206!16s%2Fg%2F11t6y4t2xn!19sChIJpdIaXvHjLj4ROw0UTArDapk?authuser=0&hl=ar&rclk=1","Su Burger - اس يو برجر","4.6","(23)","","","وجبات سريعة","·","","RGHA3396، 3396 جعفر بن أحمد، 8217، حي المحمدية،","","مفتوح","⋅ يغلق ٢ ص","https://lh5.googleusercontent.com/p/AF1QipO6B16SBvLs-tISUGvwRNe9pudS9o3l7kclj30V=w92-h92-k-no","الجلوس داخل المكان","·","الإيصال إلى السيارة","",""
"https://www.google.com/maps/place/%D8%A8%D8%B1%D8%AC%D8%B1+%D9%83%D9%86%D8%AC%E2%80%AD/data=!4m7!3m6!1s0x3e2f0364fbcb482d:0xc2158d95c557825!8m2!3d24.6817644!4d46.6946163!16s%2Fg%2F11bz_y5jpg!19sChIJLUjL-2QDLz4RJXhVXNlYIQw?authuser=0&hl=ar&rclk=1","برجر كنج","3.9","(1,442)","·","$$","هامبرغر","·","","·","Near Aramex, طريق مكة المكرمة الفرعي","مفتوح","⋅ يغلق ٤ ص","https://lh5.googleusercontent.com/p/AF1QipPu09ZRRQZwlC8bL1JpMbdz8pnalbg54PZlvDC9=w92-h92-k-no","الجلوس داخل المكان","·","خدمة الطلب أثناء القيادة","·","التسليم بدون تلامس"
"https://www.google.com/maps/place/%D9%88%D9%86+%D8%A8%D8%A7%D9%88%D9%86%D8%AF%E2%80%AD/data=!4m7!3m6!1s0x3e2efdaf64ec0185:0x9e8c93ab04141712!8m2!3d24.7925981!4d46.6732996!16s%2Fg%2F11g0nk81ls!19sChIJhQHsZK_9Lj4REhcUBKuTjJ4?authuser=0&hl=ar&rclk=1","ون باوند","4.1","(2,376)","·","$$","مطعم","·","","·","طريق الأمير محمد بن سلمان بن عبدالعزيز","مفتوح","⋅ يغلق ٢ ص","https://lh5.googleusercontent.com/p/AF1QipOjd-6-nLdqHA8SmwtThJcYPJdZxnSllI0Oyx9q=w122-h92-k-no","الجلوس داخل المكان","·","طعام سفري","·","التسليم بدون تلامس"
"https://www.google.com/maps/place/%D8%AC%D8%A7%D9%86+%D8%A8%D8%B1%D8%AC%D8%B1%E2%80%AD/data=!4m7!3m6!1s0x3e2f1a6cef4c0895:0x4d24e325570fb34b!8m2!3d24.582688!4d46.614267!16s%2Fg%2F11c1bmtvbr!19sChIJlQhM72waLz4RS7MPVyXjJE0?authuser=0&hl=ar&rclk=1","جان برجر","3.7","(867)","·","$$","مطعم","·","","طريق المدينة المنورة","","مفتوح","⋅ يغلق ٤ ص","https://lh5.googleusercontent.com/p/AF1QipNprlBZDbmhXWn7DHHlJj2FhUysO6HafnaAG3ir=w80-h106-k-no","الجلوس داخل المكان","·","طعام سفري","·","التسليم بدون تلامس"
"https://www.google.com/maps/place/%D9%88%D8%A7%D9%82%D9%8A%D9%88%E2%80%AD/data=!4m7!3m6!1s0x3e2f03b21631ea63:0xc76b433d52d49371!8m2!3d24.7064993!4d46.7077803!16s%2Fg%2F11h3g9f6d5!19sChIJY-oxFrIDLz4RcZPUUj1Da8c?authuser=0&hl=ar&rclk=1","واقيو","4.4","(7,226)","·","$$$","مطعم","·","","·","8563 شارع الأمير عبدالعزيز بن مساعد بن جلوي","مفتوح","⋅ يغلق ٢ ص","https://lh5.googleusercontent.com/p/AF1QipMyKpEWk1Qcow-0wZzTio2LI3K4b8kpsVS_1zyb=w92-h92-k-no","""انا ماعمري أكلت","","برجر","","قبل واقيو ❤️"""
"https://www.google.com/maps/place/%D8%A8%D8%B1%D8%AC%D8%B1+%D9%83%D9%86%D8%AC%E2%80%AD/data=!4m7!3m6!1s0x3e2ee30fc8b7625b:0xa1b53c1fc2e11d05!8m2!3d24.756464!4d46.629796!16s%2Fg%2F11qnh892ny!19sChIJW2K3yA_jLj4RBR3hwh88taE?authuser=0&hl=ar&rclk=1","برجر كنج","4.0","(142)","·","$$","هامبرغر","·","","·","Park Mall، الطريق الدائري الشمالي الفرعي","مفتوح","⋅ يغلق ١٢ ص","https://lh5.googleusercontent.com/p/AF1QipMaAFD2JQzHbZYtHT0hNkFSGru61EElcJRJmkqn=w92-h92-k-no","الجلوس داخل المكان","·","طعام سفري","·","التسليم بدون تلامس"
"https://www.google.com/maps/place/%D8%A8%D8%B1%D8%AC%D8%B1+%D9%88%D8%A8%D8%B7%D8%A7%D8%B7%D8%B3+%D9%85%D8%B4%D9%88%D9%8A%E2%80%AD/data=!4m7!3m6!1s0x3e2efd86e61a27bf:0x3c83d3055bf48572!8m2!3d24.7619053!4d46.7154982!16s%2Fg%2F1pp2vm07f!19sChIJvyca5ob9Lj4RcoX0WwXTgzw?authuser=0&hl=ar&rclk=1","برجر وبطاطس مشوي","4.1","(2,227)","·","$$","مطعم","·","","·","طريق عثمان بن عفان","مفتوح","⋅ يغلق ٢ ص","https://lh5.googleusercontent.com/p/AF1QipMPfuYWvErpvfLhcS9QxspUQ5HYjLI7GxXC140=w122-h92-k-no","الجلوس داخل المكان","·","طعام سفري","·","التسليم بدون تلامس"
"https://www.google.com/maps/place/%D8%A8%D8%B1%D8%AC%D8%B1+%D9%83%D9%86%D8%AC%E2%80%AD/data=!4m7!3m6!1s0x3e2f048c1b5c23ad:0x818f63c5653a178d!8m2!3d24.6631731!4d46.7040959!16s%2Fg%2F11c0r5crj0!19sChIJrSNcG4wELz4RjRc6ZcVjj4E?authuser=0&hl=ar&rclk=1","برجر كنج","4.1","(94)","·","$$","هامبرغر","·","","·","شارع الأمير فيصل بن تركي بن عبدالعزيز، Riyadh Avenue Mall, Lulu Hypermarket","مفتوح","⋅ يغلق ١١ م","https://lh5.googleusercontent.com/p/AF1QipNnJG4z5A-eynlcs3BYsrZG7ZCJNJv-oUnVjaJQ=w92-h92-k-no","الجلوس داخل المكان","·","طعام سفري","·","التسليم بدون تلامس"
"https://www.google.com/maps/place/%D8%AC%D8%A7%D9%86+%D8%A8%D8%B1%D8%AC%D8%B1%E2%80%AD/data=!4m7!3m6!1s0x3e2ee2b7d0ce7627:0x5050ee82d743d673!8m2!3d24.758777!4d46.662924!16s%2Fg%2F11csqhwzzt!19sChIJJ3bO0LfiLj4Rc9ZD14LuUFA?authuser=0&hl=ar&rclk=1","جان برجر","3.8","(776)","·","$$","مطعم","·","","شارع الامير تركي بن عبدالعزيز الثاني","","مفتوح","⋅ يغلق ٤ ص","https://lh5.googleusercontent.com/p/AF1QipPSfqpphOO6X3mkNanwbBcJjpNFqbDMk9apjlmW=w80-h106-k-no","الجلوس داخل المكان","·","طعام سفري","·","التسليم بدون تلامس"
"https://www.google.com/maps/place/Pow+burger/data=!4m7!3m6!1s0x3e2efdffc9c27fcf:0xb5370f08374d17ee!8m2!3d24.7550727!4d46.6792064!16s%2Fg%2F11pz0qf5gm!19sChIJz3_Cyf_9Lj4R7hdNNwgPN7U?authuser=0&hl=ar&rclk=1","Pow burger","3.4","(57)","","","هامبرغر","·","","3112 طريق الامام سعود بن عبدالعزيز بن محمد الفرعي","","مفتوح","⋅ يغلق ٢ ص","https://lh5.googleusercontent.com/p/AF1QipN_zT_R98QJhxdVxarrGNSAuv8ORTjKqoxfDbBz=w92-h92-k-no","الجلوس داخل المكان","·","الإيصال إلى السيارة","·","خدمة التوصيل"
"https://www.google.com/maps/place/%D9%85%D9%8A%D9%86%D9%8A+%D8%A8%D8%B1%D8%AC%D8%B1%E2%80%AD/data=!4m7!3m6!1s0x3e2f037cc3e36cd7:0xf6186279e175fc95!8m2!3d24.6931995!4d46.6951104!16s%2Fg%2F11nrsp00ks!19sChIJ12zjw3wDLz4Rlfx14XliGPY?authuser=0&hl=ar&rclk=1","ميني برجر","3.6","(55)","","","مورد طعام وشراب","·","","طريق الأمير سلطان بن عبدالعزيز","","مفتوح","⋅ يغلق ١٢ ص","https://lh5.googleusercontent.com/p/AF1QipM50rl69jyPElpkPKAOnd8Z8mMrJWx7wCWo0WOw=w100-h92-k-no","الجلوس داخل المكان","·","طعام سفري","·","خدمة التوصيل"
"https://www.google.com/maps/place/%D9%81%D8%A7%D9%8A%D8%B1+%D9%81%D9%84%D8%A7%D9%8A+%D8%A8%D8%B1%D8%AC%D8%B1%E2%80%AD/data=!4m7!3m6!1s0x3e2ee33ae51b4f6b:0xec1bae65692875d9!8m2!3d24.7879142!4d46.6589394!16s%2Fg%2F11ggr7wcrp!19sChIJa08b5TrjLj4R2XUoaWWuG-w?authuser=0&hl=ar&rclk=1","فاير فلاي برجر","4.2","(2,353)","·","$$","مطعم","·","","طريق الملك عبدالعزيز","","مفتوح","⋅ يغلق ١ ص","https://lh5.googleusercontent.com/p/AF1QipOG1_BZf8j3shIsGCwMX7Gtq4-sQbQNo5FfXpcu=w138-h92-k-no","الجلوس داخل المكان","·","طعام سفري","·","التسليم بدون تلامس"
"https://www.google.com/maps/place/simple+burger/data=!4m7!3m6!1s0x3e2f054a86c71dcd:0x1dc6ba0f55efe9e5!8m2!3d24.7559533!4d46.6758124!16s%2Fg%2F11sk9g4_zc!19sChIJzR3HhkoFLz4R5envVQ-6xh0?authuser=0&hl=ar&rclk=1","simple burger","4.6","(135)","","","مطعم","·","","طريق الملك عبدالعزيز","","مفتوح","⋅ يغلق ٣ ص","https://lh5.googleusercontent.com/p/AF1QipP7XyvdXDmVUAFwAy0VlrA47yUD_-I4bm4cq-8x=w137-h92-k-no","الجلوس داخل المكان","·","خدمة الطلب أثناء القيادة","·","التسليم بدون تلامس"
"https://www.google.com/maps/place/%D8%A8%D8%B1%D8%AC%D8%B1+%D9%83%D9%86%D8%AC%E2%80%AD/data=!4m7!3m6!1s0x3e2f03f42ea13d31:0x86b5eff4fb5da3e3!8m2!3d24.691595!4d46.732735!16s%2Fg%2F1v7pwyyv!19sChIJMT2hLvQDLz4R46Nd-_TvtYY?authuser=0&hl=ar&rclk=1","برجر كنج","4.1","(1,564)","·","$$","هامبرغر","·","","·","","Next to Xerox, Dareen Center, Al Ehsaa St","مفتوح على مدار 24 ساعة","https://lh5.googleusercontent.com/p/AF1QipNRT88cljSJhvYOlKHdnGX8sM12yENTGjP_qE_0=w92-h92-k-no","الجلوس داخل المكان","·","خدمة الطلب أثناء القيادة","·","التسليم بدون تلامس"
"https://www.google.com/maps/place/%D8%A8%D9%84%D8%A7%D9%83+%D8%AA%D8%A7%D8%A8%E2%80%AD/data=!4m7!3m6!1s0x3e2ee350a0290c19:0xbbe9c15b192a4d49!8m2!3d24.7605784!4d46.6406183!16s%2Fg%2F11sz2t2qx8!19sChIJGQwpoFDjLj4RSU0qGVvB6bs?authuser=0&hl=ar&rclk=1","بلاك تاب","4.0","(2,931)","","","مطعم","·","","·","⋅ يغلق ٢ ص","3.04","مفتوح","https://lh5.googleusercontent.com/p/AF1QipNhjmxF7kGn0t08FNf3aRP8rfyjPHfSft9bhtaT=w80-h106-k-no","""","","البرجر","","عندهم افضل"
"https://www.google.com/maps/place/%D8%A8%D8%B1%D8%AC%D8%B1+%D9%83%D9%86%D8%AC%E2%80%AD/data=!4m7!3m6!1s0x3e2f03414c83d479:0xaf94b2a1aa46134d!8m2!3d24.742197!4d46.679733!16s%2Fg%2F11mvy3m9y3!19sChIJedSDTEEDLz4RTRNGqqGylK8?authuser=0&hl=ar&rclk=1","برجر كنج","4.3","(82)","·","$$","هامبرغر","·","","·","طريق الملك عبدالعزيز، Hayat Mall","مفتوح","⋅ يغلق ١٢ ص","https://lh5.googleusercontent.com/p/AF1QipNd5zsEEkUv0LACeAUBpbNKWA2IGIB_riR8uSUt=w92-h92-k-no","الجلوس داخل المكان","·","طعام سفري","·","التسليم بدون تلامس"
"https://www.google.com/maps/place/Cleaver+Burger+%D9%83%D9%84%D9%8A%DA%A4%D8%B1+%D8%A8%D8%B1%D8%AC%D8%B1%E2%80%8E%E2%80%AD/data=!4m7!3m6!1s0x3e2efdf067f36779:0xd55fcec66d6ddd90!8m2!3d24.7825377!4d46.7051483!16s%2Fg%2F11pyp565kj!19sChIJeWfzZ_D9Lj4RkN1tbcbOX9U?authuser=0&hl=ar&rclk=1","Cleaver Burger كليڤر برجر‎","4.3","(1,226)","","","مطعم","·","","طريق عثمان بن عفان","","مفتوح","⋅ يغلق ٢:٣٠ ص","https://lh5.googleusercontent.com/p/AF1QipOmqT_loYq8JSjZG3Q4PR1kQP0U3-7uL7mtmKkF=w92-h92-k-no","الجلوس داخل المكان","·","الإيصال إلى السيارة","·","التسليم بدون تلامس"
"https://www.google.com/maps/place/%D8%A8%D8%B1%D8%AC%D8%B1+%D9%83%D9%86%D8%AC%E2%80%AD/data=!4m7!3m6!1s0x3e2f0342d5ce70e3:0x261822adedd52617!8m2!3d24.7118808!4d46.6748875!16s%2Fg%2F11mvy36xz_!19sChIJ43DO1UIDLz4RFybV7a0iGCY?authuser=0&hl=ar&rclk=1","برجر كنج","4.3","(63)","·","$$","هامبرغر","·","","·","⋅ يغلق ١١ م","Near to Ibis Riyadh Hotel، Kingdom Tower، طريق العروبة","مفتوح","https://lh5.googleusercontent.com/p/AF1QipNloXjMwsQ1Nz_4mhVdgdgdZbJvjxR4OknKV0VK=w92-h92-k-no","الجلوس داخل المكان","·","طعام سفري","·","التسليم بدون تلامس"
"https://www.google.com/maps/place/%D8%AC%D8%B1%D8%A7%D9%81%D9%8A%D8%AA%D9%88%D9%86+%D8%B3%D8%AA%D9%8A%D9%83+%D8%A8%D8%B1%D8%AC%D8%B1%E2%80%AD/data=!4m7!3m6!1s0x3e2efdbf178026c9:0xf859edefe275daca!8m2!3d24.7717601!4d46.6975069!16s%2Fg%2F11rwk5pwgp!19sChIJySaAF7_9Lj4Rytp14u_tWfg?authuser=0&hl=ar&rclk=1","جرافيتون ستيك برجر","4.4","(2,278)","","","هامبرغر","·","","·","3173 العباس بن عبدالمطلب، التعاون، الرياض 12475 7126،","مفتوح","⋅ يغلق ١٢:٣٠ ص","https://lh5.googleusercontent.com/p/AF1QipPLUqbdTLP7fRaN2eSecKibe0I1lmGFWfLdnc8N=w80-h100-k-no","الجلوس داخل المكان","·","الإيصال إلى السيارة","·","التسليم بدون تلامس"
"https://www.google.com/maps/place/%D8%AC%D8%A7%D9%86+%D8%A8%D8%B1%D8%AC%D8%B1+%D8%A7%D9%84%D8%AA%D8%AE%D8%B5%D8%B5%D9%8A%E2%80%AD/data=!4m7!3m6!1s0x3e2f1d298e4e4241:0x3888bef6b99284b1!8m2!3d24.704291!4d46.665477!16s%2Fg%2F11b7q85qch!19sChIJQUJOjikdLz4RsYSSufa-iDg?authuser=0&hl=ar&rclk=1","جان برجر التخصصي","3.7","(866)","·","$$","مطعم","·","","شارع التخصصي الفرعي","","مفتوح على مدار 24 ساعة","","https://lh5.googleusercontent.com/p/AF1QipNUYONm52QD_904ytEB6_0_AAW08ieiilAepCaC=w162-h92-k-no","الجلوس داخل المكان","·","طعام سفري","·","التسليم بدون تلامس"
"https://www.google.com/maps/place/%D9%85%D8%A7%D8%B1%D8%A8%D9%84%E2%80%AD/data=!4m7!3m6!1s0x3e2f1da68de42373:0x6342315f18f8d26d!8m2!3d24.6757573!4d46.6680725!16s%2Fg%2F11j0jq2k8z!19sChIJcyPkjaYdLz4RbdL4GF8xQmM?authuser=0&hl=ar&rclk=1","ماربل","4.3","(3,649)","","","مطعم","·","","·","6182 طريق الامير تركي بن عبدالعزيز الأول ، ام الحمام الشرقي ، الرياض 5867","مفتوح","⋅ يغلق ٢ ص","https://lh5.googleusercontent.com/p/AF1QipMLBAWlmowWdqnovmcdx4ssOj9PF6o8caMU-VAf=w194-h92-k-no","الجلوس داخل المكان","·","طعام سفري","·","التسليم بدون تلامس"
"https://www.google.com/maps/place/%D9%82%D9%8A%D9%83+%D8%A8%D8%B1%D8%AC%D8%B1%E2%80%AD/data=!4m7!3m6!1s0x3e2f0398d6f1360f:0xcf3896275a713d58!8m2!3d24.7580898!4d46.715488!16s%2Fg%2F11mtrrlq5j!19sChIJDzbx1pgDLz4RWD1xWieWOM8?authuser=0&hl=ar&rclk=1","قيك برجر","4.3","(140)","","","هامبرغر","·","","4113 شارع الأمير مقرن بن عبدالعزيز","","","","https://lh5.googleusercontent.com/p/AF1QipMqS9KedjyDHfqsXQcfK5KNBpbUpTFl2hsqi_9I=w138-h92-k-no","الجلوس داخل المكان","·","طعام سفري","·","التسليم بدون تلامس"
"https://www.google.com/maps/place/%D8%A8%D8%B1%D8%AC%D8%B1+%D8%A7%D9%8A%D9%83%D8%A7%E2%80%AD/data=!4m7!3m6!1s0x3e2f1dbc50d4e27f:0xa26e5703bf243891!8m2!3d24.6992742!4d46.670175!16s%2Fg%2F11v4m7t1lw!19sChIJf-LUULwdLz4RkTgkvwNXbqI?authuser=0&hl=ar&rclk=1","برجر ايكا","3.7","(57)","","","هامبرغر","·","","شارع موسى بن نصير","","مفتوح","⋅ يغلق ١٢ ص","https://lh5.googleusercontent.com/p/AF1QipMKZooW9Z5c7VaRqbma8in1CdsW03xN2glSJyQg=w80-h106-k-no","الجلوس داخل المكان","·","طعام سفري","·","التسليم بدون تلامس"
"https://www.google.com/maps/place/%D8%B4%D9%8A%D9%81%D8%B2+%D8%A8%D8%B1%D8%AC%D8%B1%E2%80%AD/data=!4m7!3m6!1s0x3e2f1db766b8ad5b:0x189910d79a997333!8m2!3d24.7277593!4d46.6432158!16s%2Fg%2F11qn09gcxx!19sChIJW624ZrcdLz4RM3OZmtcQmRg?authuser=0&hl=ar&rclk=1","شيفز برجر","4.3","(8,889)","·","$$$","مطعم","·","","·","طريق الامير تركي بن عبدالعزيز الأول","مفتوح","⋅ يغلق ١:٤٥ ص","https://lh5.googleusercontent.com/p/AF1QipPmr0Jc3r_-kUzpCTMKuRKM5QLy_lOHrFAIjLq0=w122-h92-k-no","الجلوس داخل المكان","·","طعام سفري","·","التسليم بدون تلامس"
"https://www.google.com/maps/place/%D8%AC%D8%B1%D9%8A%D9%84+%D8%A7%D8%AA%E2%80%AD/data=!4m7!3m6!1s0x3e2efce56dbccf55:0x7b0cca8128f9c744!8m2!3d24.7992223!4d46.6977789!16s%2Fg%2F1pyqkxnd6!19sChIJVc-8beX8Lj4RRMf5KIHKDHs?authuser=0&hl=ar&rclk=1","جريل ات","3.9","(888)","·","$$","وجبات سريعة","·","","·","طريق عثمان بن عفان الفرعي","مفتوح","⋅ يغلق ٣ ص","https://lh5.googleusercontent.com/p/AF1QipMPOIUIbsgrmQ2l49UaBSFnMRs34nQy7t43BuX3=w80-h100-k-no","الجلوس داخل المكان","·","طعام سفري","·","التسليم بدون تلامس"
"https://www.google.com/maps/place/Munchy+Burger+I+%D9%85%D9%86%D8%B4%D9%8A+%D8%A8%D8%B1%D8%AC%D8%B1%E2%80%AD/data=!4m7!3m6!1s0x3e2f11865f015525:0x7d0f6950c05b6aaa!8m2!3d24.5830607!4d46.6563522!16s%2Fg%2F11q2rtzmgd!19sChIJJVUBX4YRLz4RqmpbwFBpD30?authuser=0&hl=ar&rclk=1","Munchy Burger I منشي برجر","4.1","(1,375)","","","مطعم","·","","·","عائشة بنت أبي بكر","مفتوح","⋅ يغلق ٢ ص","https://lh5.googleusercontent.com/p/AF1QipPDwVpE4NHbZwIuvnu07mRxDV5ZMA7CGHUyHvVh=w122-h92-k-no","الجلوس داخل المكان","·","طعام سفري","·","التسليم بدون تلامس"
"https://www.google.com/maps/place/%D8%A8%D8%B1%D8%AC%D8%B1+%D9%83%D9%86%D8%AC%E2%80%AD/data=!4m7!3m6!1s0x3e2f031d1dbfe30d:0x3c6e3b0774eb34a4!8m2!3d24.7121331!4d46.6980753!16s%2Fg%2F11c1r1x13b!19sChIJDeO_HR0DLz4RpDTrdAc7bjw?authuser=0&hl=ar&rclk=1","برجر كنج","4.0","(397)","·","$$","هامبرغر","·","","Near Rejam Pharmacy, شارع الامير ممدوح بن عبدالعزيز","سلسلة مطاعم لوجبات البرغر المشوية","مفتوح","⋅ يغلق ٤ ص","https://lh5.googleusercontent.com/p/AF1QipM_AaufBbOAo0PFCx5IOAPUvFZrk7GXRzSuTwgb=w92-h92-k-no","الجلوس داخل المكان","·","طعام سفري","·","التسليم بدون تلامس"
"https://www.google.com/maps/place/%D9%85%D8%B7%D8%B9%D9%85+%D8%A8%D9%84%D8%A7%D9%8A%D9%86%D8%AF+-+Blind+Burger%E2%80%AD/data=!4m7!3m6!1s0x3e2ee3a88b41b895:0xee950f5ebbb64df8!8m2!3d24.7932307!4d46.628362!16s%2Fg%2F11syz7pqn_!19sChIJlbhBi6jjLj4R-E22u14Ple4?authuser=0&hl=ar&rclk=1","مطعم بلايند - Blind Burger","3.6","(289)","","","مطعم","·","","·","طريق الامام سعود بن فيصل","مفتوح على مدار 24 ساعة","","https://lh5.googleusercontent.com/p/AF1QipMjb3u10rolDOOnE7y5W-6Hcc8br8Zhk05_ooK1=w184-h92-k-no","الجلوس داخل المكان","·","الإيصال إلى السيارة","·","التسليم بدون تلامس"
"https://www.google.com/maps/place/%D8%A7%D9%84%D8%A8%D8%B1%D8%AC%D8%B1+%D8%A7%D9%84%D8%B9%D8%B4%D8%B1%D9%88%D9%86%E2%80%AD/data=!4m7!3m6!1s0x3e2f1f86d0950287:0x81f3edddbed4096c!8m2!3d24.6279614!4d46.5466339!16s%2Fg%2F11sqfkz3xf!19sChIJhwKV0IYfLz4RbAnUvt3t84E?authuser=0&hl=ar&rclk=1","البرجر العشرون","4.5","(10)","","","هامبرغر","·","","شارع عسير","","مفتوح","⋅ يغلق ٣ ص","https://lh5.googleusercontent.com/p/AF1QipO9QF2PriXWlvCeA22ESUWB4qUu923tMbi4Kle6=w80-h142-k-no","الجلوس داخل المكان","·","طعام سفري","·","التسليم بدون تلامس"
"https://www.google.com/maps/place/%D8%AC%D8%A7%D9%86+%D8%A8%D8%B1%D8%AC%D8%B1%E2%80%AD/data=!4m7!3m6!1s0x3e2f07ca1d77ced7:0xa04edce3e256726e!8m2!3d24.691118!4d46.760696!16s%2Fg%2F11shy6r11c!19sChIJ1853HcoHLz4RbnJW4uPcTqA?authuser=0&hl=ar&rclk=1","جان برجر","3.5","(131)","·","$$","مطعم","·","","","⋅ يغلق ٤ ص","3582","مفتوح","https://lh5.googleusercontent.com/p/AF1QipNzkrPM1wNSlgFTResGwSA97n04n1KmsdrIHfAR=w105-h92-k-no","الجلوس داخل المكان","·","خدمة الطلب أثناء القيادة","·","التسليم بدون تلامس"
"https://www.google.com/maps/place/%D9%81%D8%AF%D8%B1%D9%83%D8%B1%D8%B2%E2%80%AD/data=!4m7!3m6!1s0x3e2f0335b15b69c1:0x4191d2f0e83b3f89!8m2!3d24.688864!4d46.673841!16s%2Fg%2F1td5prgn!19sChIJwWlbsTUDLz4RiT876PDSkUE?authuser=0&hl=ar&rclk=1","فدركرز","4.1","(6,865)","·","$$","هامبرغر","·","","·","شارع التخصصي الفرعي","مفتوح","⋅ يغلق ١٢:٣٠ ص","https://lh5.googleusercontent.com/p/AF1QipPGwZdUlMasYqhmi5LfElfTj42On4cqOJ96GKkF=w122-h92-k-no","""ألذ","","برجر بالرياض","","المكان يحتاج تجديد"""
"https://www.google.com/maps/place/%D9%85%D8%B7%D8%B9%D9%85+%D8%B3%D9%83%D8%B4%D9%86+%D8%A8%D9%8A%E2%80%AD/data=!4m7!3m6!1s0x3e2ee352b84aa5e7:0xdcaefb5056d965fc!8m2!3d24.7586414!4d46.60593!16s%2Fg%2F11gdglqfj9!19sChIJ56VKuFLjLj4R_GXZVlD7rtw?authuser=0&hl=ar&rclk=1","مطعم سكشن بي","4.2","(9,347)","·","$$","هامبرغر","·","","·","⋅ يغلق ٣:٣٠ ص","Pr. Turki Alawwal St.","مفتوح","https://lh5.googleusercontent.com/p/AF1QipNV0ef5GZpL4yIaz1QEgm5RAnCMeYmwhWVy6lhr=w92-h92-k-no","""","","برجر","","بي ولا غلطة 👌🏼
خدمة ممتازة 👍🏼"""
"https://www.google.com/maps/place/%D8%A7%D9%84%D8%A8%E2%80%AD/data=!4m7!3m6!1s0x3e2f036ea0d2c165:0x9d98c39f3346d7f!8m2!3d24.7056875!4d46.6866875!16s%2Fg%2F11tnwjzdh0!19sChIJZcHSoG4DLz4Rf2008zmM2Qk?authuser=0&hl=ar&rclk=1","الب","4.1","(129)","","","وجبات سريعة","·","","PM4P+7MQ, RHOA3179، 3179 موسى بن نصير، 7021،","","مفتوح","⋅ يغلق ١٢ ص","https://lh5.googleusercontent.com/p/AF1QipMDC7U2i5-oC0xNbf26aScT-v9BLwEb03trrM8=w92-h92-k-no","""مطعم","","برجر","","لذيذ وخفيف ويستحق التجربة جدا"""
"https://www.google.com/maps/place/%D9%88%D8%A7%D9%82%D9%8A%D9%88%E2%80%AD/data=!4m7!3m6!1s0x3e2f030bd8e2f2f9:0x87d1a9a27e532bd3!8m2!3d24.7030032!4d46.7059872!16s%2Fg%2F11c0w3_x4p!19sChIJ-fLi2AsDLz4R0ytTfqKp0Yc?authuser=0&hl=ar&rclk=1","واقيو","4.1","(5,229)","·","$$","مطعم","·","","·","2697 شارع الأمير عبدالعزيز بن مساعد بن جلوي, 8161","مفتوح","⋅ يغلق ٣:٣٠ ص","https://lh5.googleusercontent.com/p/AF1QipOEDCNPoHYUvtPaEa9e_BErLwplJnj3NchOrbxF=w96-h92-k-no","الجلوس داخل المكان","·","طعام سفري","·","التسليم بدون تلامس"
"https://www.google.com/maps/place/Jan+burger+-+%D8%AC%D8%A7%D9%86+%D8%A8%D8%B1%D8%AC%D8%B1%E2%80%AD/data=!4m7!3m6!1s0x3e2efd80a83b42f7:0x5f558f652612db32!8m2!3d24.7582451!4d46.7135916!16s%2Fg%2F11c2mcy8k9!19sChIJ90I7qID9Lj4RMtsSJmWPVV8?authuser=0&hl=ar&rclk=1","Jan burger - جان برجر","3.7","(503)","·","$$","مطعم","·","","شارع الأمير مقرن بن عبدالعزيز","","مفتوح على مدار 24 ساعة","","https://lh5.googleusercontent.com/p/AF1QipMzJ0xLkdL0zUgsfq6VI6nnOipd4JMYO_Pju_3G=w80-h106-k-no","الجلوس داخل المكان","·","طعام سفري","·","التسليم بدون تلامس"
"https://www.google.com/maps/place/%D9%85%D8%B7%D8%B9%D9%85+%D8%A8%D8%B1%D8%AC%D8%B1+%D8%AA%D9%88%D8%B1%D9%88+%D9%85%D9%88%D9%84+%D8%A7%D9%84%D9%85%D9%85%D9%84%D9%83%D8%A9%E2%80%AD/data=!4m7!3m6!1s0x3e2f03d071e387e5:0x62c2695af8f66640!8m2!3d24.7123843!4d46.6752675!16s%2Fg%2F11rtqvr591!19sChIJ5YfjcdADLz4RQGb2-FppwmI?authuser=0&hl=ar&rclk=1","مطعم برجر تورو مول المملكة","3.8","(27)","","","هامبرغر","·","","مول المملكة تقاطع طريق العروبة مع شارع العليا العام العام","","مفتوح","⋅ يغلق ١١ م","https://lh5.googleusercontent.com/p/AF1QipOMdiLthgR6IraXG0Ndjsk0Q5MNWjVFLTE-Nigr=w92-h92-k-no","الجلوس داخل المكان","·","طعام سفري","·","التسليم بدون تلامس"
"https://www.google.com/maps/place/%D9%86%D9%81%D8%B1+%D9%85%D8%A7%D9%8A%D9%86%D8%AF%E2%80%AD/data=!4m7!3m6!1s0x3e2f03249b9b0683:0x8a1f2244c94f6ae1!8m2!3d24.704873!4d46.6845919!16s%2Fg%2F11rz5b6t9q!19sChIJgwabmyQDLz4R4WpPyUQiH4o?authuser=0&hl=ar&rclk=1","نفر مايند","4.3","(5,177)","·","$$","الأمريكي","·","","·","⋅ يغلق ٢ ص","PM3M+J4H","مفتوح","https://lh5.googleusercontent.com/p/AF1QipO2r87nO1OKFBr2S41-ebe-vXLrvqQM1M_Rq41j=w80-h114-k-no","الجلوس داخل المكان","·","طعام سفري","·","التسليم بدون تلامس"
"https://www.google.com/maps/place/%D8%AC%D9%8A%D8%B2%D8%B1+%D8%A8%D8%B1%D8%AC%D8%B1%E2%80%AD/data=!4m7!3m6!1s0x3e2f054c7e129db3:0xf4d23f96eb275de5!8m2!3d24.663594!4d46.6828801!16s%2Fg%2F11tg9cryv2!19sChIJs50SfkwFLz4R5V0n65Y_0vQ?authuser=0&hl=ar&rclk=1","جيزر برجر","3.9","(160)","","","مطعم","·","","3442 التخصصي، 6778","","","","https://lh5.googleusercontent.com/p/AF1QipOckiRMAPYkcvIyKZQSMyUSc-wrRULH2h7B-_OW=w80-h142-k-no","الجلوس داخل المكان","·","طعام سفري","·","التسليم بدون تلامس"
"https://www.google.com/maps/place/%D8%AA%D9%83%D9%88+%D8%A8%D8%B1%D8%AC%D8%B1+%D9%85%D8%B4%D9%88%D9%8A%E2%80%AD/data=!4m7!3m6!1s0x3e2f0301ec5f21a3:0xa0b02014fb9dc0ea!8m2!3d24.7428824!4d46.672423!16s%2Fg%2F11sv1pfkyw!19sChIJoyFf7AEDLz4R6sCd-xQgsKA?authuser=0&hl=ar&rclk=1","تكو برجر مشوي","3.1","(145)","","","هامبرغر","·","","","","PMVC+5X3, Hisham bin Abdulmalik","","https://lh5.googleusercontent.com/p/AF1QipMU4Zu3f84cUniJkBTPmEOWPOzva7K7qmOmrqFs=w80-h106-k-no","الجلوس داخل المكان","·","طعام سفري","·","التسليم بدون تلامس"
"https://www.google.com/maps/place/Foil+burger/data=!4m7!3m6!1s0x3e2f0749ea8cf94b:0x23861d7aef43e540!8m2!3d24.6869375!4d46.7963125!16s%2Fg%2F11tcxbnv63!19sChIJS_mM6kkHLz4RQOVD73odhiM?authuser=0&hl=ar&rclk=1","Foil burger","3.4","(294)","","","هامبرغر","·","","MQPW+QGC، عبدالله العبسي","","مفتوح الآن","","https://lh5.googleusercontent.com/p/AF1QipP7TR01eUM2iokoZoT59aXr2yPepED2QP49k4I9=w80-h127-k-no","الجلوس داخل المكان","·","طعام سفري","·","التسليم بدون تلامس"
"","","","","","","","","","","","","","","","","","",""